Polutan,Metode,Jumlah_Fitur_Input,Jumlah_PCA,K,Silhouette,Davies_Bouldin,Calinski_Harabasz,Inertia,Cumulative_Variance
NO2,PCA,68,1,2,0.9620383478644012,0.0073459802596984,8857.14977171932,4.4036766361789645,0.458150838833795
NO2,PCA,68,1,3,0.6118100000765747,0.3701067258504618,10813.353196733837,1.7561453054995502,0.458150838833795
NO2,PCA,68,1,4,0.5624465223972014,0.3401903312491857,15711.649434287754,0.7827464375002082,0.458150838833795
NO2,PCA,68,1,5,0.5625689120602528,0.3868514168692921,22557.25820477309,0.3966466816481537,0.458150838833795
NO2,PCA,68,1,6,0.5687226647202546,0.3613909814898548,28204.236026672872,0.2458872650433574,0.458150838833795
NO2,PCA,68,1,7,0.5719372365715005,0.3079051662929225,38328.40696190034,0.145930721673671,0.458150838833795
NO2,PCA,68,1,8,0.5972670584640976,0.2910262486334726,52462.7274228746,0.0883423494030475,0.458150838833795
NO2,PCA,68,1,9,0.5579424600669893,0.2906303511822119,62551.04784772297,0.0625984097758127,0.458150838833795
NO2,PCA,68,1,10,0.561440519155322,0.2584355724496565,73840.56472524116,0.0454530202839611,0.458150838833795
NO2,PCA,68,2,2,0.8501377451643233,0.0874942809199943,69.74711071812514,559.5835936489591,0.6857934320813603
NO2,PCA,68,2,3,0.5336537065933369,0.4298999402158976,99.50185368550412,244.374039028428,0.6857934320813603
NO2,PCA,68,2,4,0.5538351400831905,0.327387678412709,144.45665366924678,118.50109170472766,0.6857934320813603
NO2,PCA,68,2,5,0.5569227038632423,0.3105822109949057,264.3381672962816,49.19494253101108,0.6857934320813603
NO2,PCA,68,2,6,0.4674072244306471,0.421775418842722,325.5052221447891,31.302452255491996,0.6857934320813603
NO2,PCA,68,2,7,0.4564425682268535,0.40510278410739,380.1937250128992,21.738510422081777,0.6857934320813603
NO2,PCA,68,2,8,0.494308404185178,0.3634262684655177,517.0931257504493,13.310812011412892,0.6857934320813603
NO2,PCA,68,2,9,0.4915756412998945,0.3971244204743383,639.0019457149284,9.12289293922242,0.6857934320813603
NO2,PCA,68,2,10,0.4629529640107495,0.4419509034945539,738.0255988000439,6.779958332834517,0.6857934320813603
NO2,PCA,68,3,2,0.8258221806986998,0.1033935481158421,51.53583577779682,757.3830335830728,0.7668278204637226
NO2,PCA,68,3,3,0.4342330102707986,0.6249068249358533,55.1859421721388,441.00124180436063,0.7668278204637226
NO2,PCA,68,3,4,0.4817932748523627,0.4624092675251689,66.65842832088632,265.2452458628566,0.7668278204637226
NO2,PCA,68,3,5,0.5067551183401081,0.3793425392761655,108.50905456283792,128.58012071928346,0.7668278204637226
NO2,PCA,68,3,6,0.4649585560928403,0.4263238335646873,129.4195467757367,85.60771812744379,0.7668278204637226
NO2,PCA,68,3,7,0.4175889241144462,0.4727932213082016,146.58709296118795,61.766259283429406,0.7668278204637226
NO2,PCA,68,3,8,0.4022769158564165,0.5077985927569686,168.97968468395263,44.811538872626464,0.7668278204637226
NO2,PCA,68,3,9,0.3722195337408832,0.4438818938518432,174.5880850200094,36.80244739993156,0.7668278204637226
NO2,PCA,68,3,10,0.3526584492169787,0.4101953934072924,181.92245998404147,30.37911464730697,0.7668278204637226
NO2,PCA,68,4,2,0.8033150681656821,0.1206358295980395,43.54534797493876,896.4680308250753,0.8238375269634219
NO2,PCA,68,4,3,0.3370275028237098,0.7621165398245714,42.11426955991659,578.5538982207082,0.8238375269634219
NO2,PCA,68,4,4,0.3808564301913366,0.6048995256354841,44.60133672857148,398.01064059525896,0.8238375269634219
NO2,PCA,68,4,5,0.4092316993094706,0.4978618216249854,54.69815190502283,256.6979956783712,0.8238375269634219
NO2,PCA,68,4,6,0.4090225556712736,0.5302014381563943,64.72453999019037,175.86620505345783,0.8238375269634219
NO2,PCA,68,4,7,0.4203493425706491,0.561335531121614,75.00511535766576,125.73016311837068,0.8238375269634219
NO2,PCA,68,4,8,0.3548347910475726,0.588616458014102,77.86616041656151,101.63085496268614,0.8238375269634219
NO2,PCA,68,4,9,0.3101257882449754,0.5263684848725849,76.16067315158297,88.39166259061979,0.8238375269634219
NO2,PCA,68,4,10,0.3392748659276179,0.5611010505776542,77.61209900856568,74.87007281490976,0.8238375269634219
NO2,PCA,68,5,2,0.7880438744180244,0.1320330641036072,39.36310670017533,991.7669642478536,0.8628860721197159
NO2,PCA,68,5,3,0.2849938389295121,0.8691366791002532,36.22124212130876,673.074339684295,0.8628860721197159
NO2,PCA,68,5,4,0.3129960675540043,0.7214787860014693,36.66667779243246,486.26937606630673,0.8628860721197159
NO2,PCA,68,5,5,0.3270060280425917,0.6220194958816193,40.84884957089122,345.0918998709843,0.8628860721197159
NO2,PCA,68,5,6,0.3542872844651988,0.6065098215262509,43.736445606989854,261.6213494476798,0.8628860721197159
NO2,PCA,68,5,7,0.3346447954604826,0.6481280568249407,46.54738238541683,204.3913473977372,0.8628860721197159
NO2,PCA,68,5,8,0.3231209360083769,0.6584214196819199,47.050198402503575,170.52498682094006,0.8628860721197159
NO2,PCA,68,5,9,0.3277949900571719,0.6607412986688799,52.28506756179662,132.20540156624108,0.8628860721197159
NO2,PCA,68,5,10,0.3321162721042816,0.5465973688208325,51.87198813846819,115.20456208725062,0.8628860721197159
NO2,PCA,68,6,2,0.777901595500666,0.1395220933737935,36.63081042492703,1065.7441956839225,0.8931803023575684
NO2,PCA,68,6,3,0.2587251246362678,0.9248882612941616,32.811828696227515,744.3912027040335,0.8931803023575684
NO2,PCA,68,6,4,0.2870411333504379,0.7646792889528127,32.045319017922345,557.3802176245792,0.8931803023575684
NO2,PCA,68,6,5,0.3047137544859664,0.6529513746447566,34.50830972132442,410.4884551103199,0.8931803023575684
NO2,PCA,68,6,6,0.270905688577569,0.7381466595671754,34.923351909783406,328.8425291664352,0.8931803023575684
NO2,PCA,68,6,7,0.2931541072918783,0.7138766693447207,36.93810175056223,260.0435173878538,0.8931803023575684
NO2,PCA,68,6,8,0.2980006549304906,0.7444451036699102,38.008205032191945,214.3760336154552,0.8931803023575684
NO2,PCA,68,6,9,0.2687200991617205,0.700039201519806,34.89801866038177,198.81265519897096,0.8931803023575684
NO2,PCA,68,6,10,0.2923156902662411,0.6840954101123249,35.6678134882906,169.22184899472094,0.8931803023575684
NO2,PCA,68,7,2,0.7713087987368759,0.1443036104776498,35.078110752562154,1112.9184133161182,0.9124981844732968
NO2,PCA,68,7,3,0.2425906127112155,0.9666026418499866,30.86695061719333,791.3904926422824,0.9124981844732968
NO2,PCA,68,7,4,0.2678873640935693,0.8255913955777368,29.680690523020782,602.5346648786818,0.9124981844732968
NO2,PCA,68,7,5,0.2835385229521905,0.688783715010499,31.090829913950884,456.0293186691416,0.9124981844732968
NO2,PCA,68,7,6,0.2774389104347275,0.7524128266871668,30.765282765585223,373.7449433245469,0.9124981844732968
NO2,PCA,68,7,7,0.2213684192426475,0.9693522891018524,27.96716656263041,337.9605830319794,0.9124981844732968
NO2,PCA,68,7,8,0.2376062840711512,0.8758411993910595,30.11027698407261,269.511506340524,0.9124981844732968
NO2,PCA,68,7,9,0.2227522627127101,0.855373565947294,29.98195337127321,232.935094801988,0.9124981844732968
NO2,PCA,68,7,10,0.2663042590796819,0.6409108404580627,29.73715425030056,204.2010630594135,0.9124981844732968
NO2,PCA,68,8,2,0.7660010729832066,0.1480288738789952,33.83938911170475,1153.6643588479203,0.9291862607117982
NO2,PCA,68,8,3,0.2349255549011062,1.004621983679532,29.36038829226182,832.0516684203044,0.9291862607117982
NO2,PCA,68,8,4,0.2543266127873377,0.8609760418176593,27.892760399193936,641.7595737369577,0.9291862607117982
NO2,PCA,68,8,5,0.2673011772873866,0.726533230852532,28.56910562742073,496.39121542131136,0.9291862607117982
NO2,PCA,68,8,6,0.2357814340791955,0.8482498070585173,26.282815380756997,433.0982858713356,0.9291862607117982
NO2,PCA,68,8,7,0.2214641915470159,0.8218149311402004,26.865092452383838,356.0436631478314,0.9291862607117982
NO2,PCA,68,8,8,0.2493636950262397,0.7566801777532639,25.974136431250496,312.13091159300456,0.9291862607117982
NO2,PCA,68,8,9,0.2160877035785071,0.9091432509094431,25.80654670892584,270.9891086514446,0.9291862607117982
NO2,PCA,68,8,10,0.2579909381918791,0.671342284210724,25.785306217901308,236.4824085748752,0.9291862607117982
NO2,PCA,68,9,2,0.7613374221883321,0.1514096380770207,32.807763670379444,1189.942389831573,0.9440427325502028
NO2,PCA,68,9,3,0.2192098963593692,1.0301296487899012,28.19022367800276,867.2448775279269,0.9440427325502028
NO2,PCA,68,9,4,0.2423339155442694,0.8891311053947674,26.435204438646892,677.4071695888445,0.9440427325502028
NO2,PCA,68,9,5,0.2559562227816561,0.7502915843732401,26.86261768103649,529.0141719086322,0.9440427325502028
NO2,PCA,68,9,6,0.2201046811310428,0.8696124905354069,25.998849459534323,443.9035812713106,0.9440427325502028
NO2,PCA,68,9,7,0.2211056074164094,0.8866148638517498,25.815120768228088,374.0618721287841,0.9440427325502028
NO2,PCA,68,9,8,0.2053632510248984,0.9862567511891098,24.45849782732959,333.9263287322691,0.9440427325502028
NO2,PCA,68,9,9,0.2268424225354172,0.9267634574182848,23.442604635126443,299.4785895565184,0.9440427325502028
NO2,PCA,68,9,10,0.2185105342383391,0.8888386193728047,23.687243444518263,259.1521703259086,0.9440427325502028
NO2,PCA,68,10,2,0.7580430083051626,0.1539344429976977,31.985370159175144,1220.5474669045511,0.9565791958283014
NO2,PCA,68,10,3,0.2144936286575055,1.048825371375404,27.26115375871882,897.2072655876827,0.9565791958283014
NO2,PCA,68,10,4,0.2324633489090878,0.918251566631516,25.299249221352408,707.8832457841808,0.9565791958283014
NO2,PCA,68,10,5,0.2460490401280546,0.7716451156815843,25.671365486001736,555.0036626067566,0.9565791958283014
NO2,PCA,68,10,6,0.2093472582377913,0.8984476051823543,24.66952057115734,469.1680139033604,0.9565791958283014
NO2,PCA,68,10,7,0.209803017133443,0.7920964557839273,22.42189984691594,425.93080881582887,0.9565791958283014
NO2,PCA,68,10,8,0.1694560223286283,1.05627624102731,21.92950920973167,371.18130894410257,0.9565791958283014
NO2,PCA,68,10,9,0.2031911014857325,0.9678819915561134,22.25970340507225,317.39039297846125,0.9565791958283014
NO2,PCA,68,10,10,0.1870276240180193,0.8351929445610601,20.85647337406589,293.7525206997421,0.9565791958283014
NO2,PCA,68,11,2,0.7551815129522842,0.1559399468582047,31.34849945329633,1245.3458451863391,0.9667348558384308
NO2,PCA,68,11,3,0.2094455859360397,1.0660157792437446,26.560336828637062,921.3204884791594,0.9667348558384308
NO2,PCA,68,11,4,0.2266873573694552,0.935663751203244,24.48890994148992,731.7337089345864,0.9667348558384308
NO2,PCA,68,11,5,0.2017295801158294,1.1111614182413527,20.817790267188457,655.3636475438951,0.9667348558384308
NO2,PCA,68,11,6,0.2254248915820304,0.8389043557353353,22.977323852322883,501.6482143947862,0.9667348558384308
NO2,PCA,68,11,7,0.1950608474831594,0.94413962696677,21.879087131880564,439.1455904686224,0.9667348558384308
NO2,PCA,68,11,8,0.1712692931002989,1.0514402390218407,21.23678401877325,385.360784624652,0.9667348558384308
NO2,PCA,68,11,9,0.193298781174603,0.998338163462722,20.933866964203357,338.16517152017923,0.9667348558384308
NO2,PCA,68,11,10,0.2089205198341634,0.9059758513220924,20.24800076143041,304.64123029547693,0.9667348558384308
NO2,PCA,68,12,2,0.7535372684000372,0.1571254515429545,30.95531115384951,1261.164027127013,0.9732124233673108
NO2,PCA,68,12,3,0.2075423939606951,1.074019032096268,26.14618756917816,936.3965351258986,0.9732124233673108
NO2,PCA,68,12,4,0.2234120952647567,0.9466154021444252,23.983215953900697,747.2849880623329,0.9732124233673108
NO2,PCA,68,12,5,0.2293432433474379,0.8203205086849437,24.242506338431003,589.6774184779142,0.9732124233673108
NO2,PCA,68,12,6,0.1983990153812351,0.9292840651255992,22.94916503855606,505.4973394696022,0.9732124233673108
NO2,PCA,68,12,7,0.1849715872535054,1.0180651072762603,21.58191070303726,447.0304569925861,0.9732124233673108
NO2,PCA,68,12,8,0.1734570443517553,1.0495926804999347,20.22860935885397,403.9909152028095,0.9732124233673108
NO2,PCA,68,12,9,0.1908363634711239,1.0211641962804556,20.56522014094634,345.6459792930574,0.9732124233673108
NO2,PCA,68,12,10,0.2065021841290714,0.9183950340896482,19.65114424311089,314.76353410964475,0.9732124233673108
NO2,PCA,68,13,2,0.7518363960300167,0.1583665043527455,30.62777986586172,1274.6513605105772,0.9787356837874026
NO2,PCA,68,13,3,0.2039354955759247,1.0846612532325883,25.790285347000072,949.5434033042455,0.9787356837874026
NO2,PCA,68,13,4,0.2181896581883625,0.9419256708596796,23.58237398392317,760.2369331301377,0.9787356837874026
NO2,PCA,68,13,5,0.2247071822724154,0.8305747405021158,23.71287866303757,602.927931003513,0.9787356837874026
NO2,PCA,68,13,6,0.2028381826165529,0.9021389151940556,21.87421026505515,527.831401379072,0.9787356837874026
NO2,PCA,68,13,7,0.1581093083892222,0.9895054970549376,20.596800336078047,466.8693954767639,0.9787356837874026
NO2,PCA,68,13,8,0.1786456347788868,0.9832960694052734,20.07379743959023,408.8809649484239,0.9787356837874026
NO2,PCA,68,13,9,0.1715443404788526,1.042567820080499,19.631513040548832,361.6388549537117,0.9787356837874026
NO2,PCA,68,13,10,0.1986973296581637,0.8113065296909083,18.986147529396643,326.1243294142164,0.9787356837874026
NO2,PCA,68,14,2,0.7505801682208271,0.1592515980304891,30.38344009415981,1284.9019467232065,0.9829333036205224
NO2,PCA,68,14,3,0.2010022056809368,1.0926833601262351,25.514855682499583,959.7937594152334,0.9829333036205224
NO2,PCA,68,14,4,0.2146798004666918,0.9502091093390888,23.26925071344507,770.4736418848925,0.9829333036205224
NO2,PCA,68,14,5,0.2295039581675099,0.8145426107780519,23.218117821176573,615.1102744094521,0.9829333036205224
NO2,PCA,68,14,6,0.1988275323470475,0.9112913412246052,21.46132904378129,538.0075327032007,0.9829333036205224
NO2,PCA,68,14,7,0.1699726757141687,1.0016764905216975,20.788122131384707,465.3931595352712,0.9829333036205224
NO2,PCA,68,14,8,0.1681720840037006,0.9019371567485222,19.100578594970237,427.8281371932393,0.9829333036205224
NO2,PCA,68,14,9,0.1681785847806961,1.0055916399382587,18.58864764458767,380.3370437711299,0.9829333036205224
NO2,PCA,68,14,10,0.1943488441937866,0.8201933622935774,18.47995328816805,335.2413892953159,0.9829333036205224
NO2,PCA,68,15,2,0.7494716640424194,0.1600861583142546,30.169990249206744,1293.9925134523392,0.9866558966214516
NO2,PCA,68,15,3,0.1986688037947352,1.1001985327417425,25.27648105601084,968.8609806023408,0.9866558966214516
NO2,PCA,68,15,4,0.2140268921695463,0.9726809402864074,23.00370325972431,779.4313017205264,0.9866558966214516
NO2,PCA,68,15,5,0.2267712612573491,0.8222824675493904,22.881118640308166,624.1778292071717,0.9866558966214516
NO2,PCA,68,15,6,0.1959751551450193,0.9195036744056808,21.11244174823394,546.94358984485,0.9866558966214516
NO2,PCA,68,15,7,0.1516639636593187,1.0250974450897452,19.80386380711716,485.6932206784318,0.9866558966214516
NO2,PCA,68,15,8,0.1729558392420313,0.9978504023005914,19.300079457617823,425.79378707506345,0.9866558966214516
NO2,PCA,68,15,9,0.1930447671293987,0.958107148064124,18.77484646475692,378.5861313013353,0.9866558966214516
NO2,PCA,68,15,10,0.1892530474399937,0.8314080419499563,18.01978778106355,343.8779294032922,0.9866558966214516
NO2,PCA,68,16,2,0.7486832556875886,0.1607101684127156,30.02552842922209,1300.2183210669336,0.9892053749939548
NO2,PCA,68,16,3,0.196902772821518,1.1054361068873313,25.11672792085633,975.0489642658848,0.9892053749939548
NO2,PCA,68,16,4,0.211932318687957,0.9783645010498204,22.823625210495813,785.6057598119922,0.9892053749939548
NO2,PCA,68,16,5,0.22420646641995,0.8273810701230317,22.655591203661817,630.3945038115432,0.9892053749939548
NO2,PCA,68,16,6,0.1932457011646451,0.9267496744116244,20.87641266663402,553.1369773372687,0.9892053749939548
NO2,PCA,68,16,7,0.1498952314279026,1.034268947274536,19.563997127451696,491.70326661445904,0.9892053749939548
NO2,PCA,68,16,8,0.1695471622834599,1.0041542707265754,19.03446035028743,431.78635606645815,0.9892053749939548
NO2,PCA,68,16,9,0.1894150514627839,0.9679705370312242,18.49129976046548,384.4583281645184,0.9892053749939548
NO2,PCA,68,16,10,0.1856805728696468,0.8396042159905666,17.73554095940044,349.4926219380994,0.9892053749939548
NO2,PCA,68,17,2,0.7479937862572617,0.1612106932090984,29.89552949926588,1305.8722760403984,0.9915206834217054
NO2,PCA,68,17,3,0.1954328854633279,1.109620449809188,24.97231260945124,980.6938691841324,0.9915206834217054
NO2,PCA,68,17,4,0.2102568721754976,0.9825907423466324,22.66066023921434,791.2568680707349,0.9915206834217054
NO2,PCA,68,17,5,0.2224451107963642,0.831004639479654,22.454784714580786,636.0362830623633,0.9915206834217054
NO2,PCA,68,17,6,0.1917374758923455,0.931048879816969,20.67470235486617,558.5929681025763,0.9915206834217054
NO2,PCA,68,17,7,0.1477216161621566,1.0411541249025562,19.342344013845924,497.3418968071796,0.9915206834217054
NO2,PCA,68,17,8,0.1668373863433211,1.0101766308401456,18.79576851833529,437.30052778776746,0.9915206834217054
NO2,PCA,68,17,9,0.1857707672614909,0.9753114152330784,18.228082635470127,390.0264659050509,0.9915206834217054
NO2,PCA,68,17,10,0.1822041177876357,0.8452396333574275,17.492895521200037,354.45847655998057,0.9915206834217054
NO2,PCA,68,18,2,0.747456361346995,0.1616061904996653,29.784907144727335,1310.7223927265784,0.9935068270189096
NO2,PCA,68,18,3,0.1943953871649461,1.1128882919167176,24.85092696631258,985.508456002952,0.9935068270189096
NO2,PCA,68,18,4,0.2090965001713898,0.985898994694606,22.52575765172504,796.032133400832,0.9935068270189096
NO2,PCA,68,18,5,0.2213199780396181,0.8337498413760047,22.319163344049016,640.1611136954742,0.9935068270189096
NO2,PCA,68,18,6,0.1906546255447544,0.9356801193404714,20.52571302759,562.8321589874352,0.9935068270189096
NO2,PCA,68,18,7,0.1681313816633364,1.0103333262092185,19.7774845980114,489.5863544951807,0.9935068270189096
NO2,PCA,68,18,8,0.1615756523456149,0.929581584450027,18.177499210958693,450.3138964304784,0.9935068270189096
NO2,PCA,68,18,9,0.171984344899908,1.0590809599860544,17.76196125239403,399.3753327706072,0.9935068270189096
NO2,PCA,68,18,10,0.1802333356696376,0.8494468637467769,17.30789601556262,358.40399267175815,0.9935068270189096
NO2,PCA,68,19,2,0.7469996396540997,0.1619544128224352,29.699448090207447,1314.49396061243,0.9950512901548504
NO2,PCA,68,19,3,0.1935035534611651,1.1158359828122215,24.75684036352836,989.2644869645972,0.9950512901548504
NO2,PCA,68,19,4,0.2078683379264621,0.9893546491519194,22.420149843106927,799.7889860345017,0.9950512901548504
NO2,PCA,68,19,5,0.2200006353578435,0.8366650059361307,22.19097999780777,643.8784698567815,0.9950512901548504
NO2,PCA,68,19,6,0.1893438408104754,0.9393599910238885,20.392102298047444,566.5394328212516,0.9950512901548504
NO2,PCA,68,19,7,0.1664927668142367,1.0148555380612283,19.63207889776925,493.2420159587514,0.9950512901548504
NO2,PCA,68,19,8,0.1636097320430697,1.019945879474896,18.48618965512737,444.86150221797794,0.9950512901548504
NO2,PCA,68,19,9,0.1695398539846564,1.064297394602984,17.598831554024304,403.0888324396976,0.9950512901548504
NO2,PCA,68,19,10,0.1777679668522968,0.8537268989397269,17.138088756163796,361.9879641976062,0.9950512901548504
NO2,PCA,68,20,2,0.7466096018533499,0.1622540098068901,29.628599776708736,1317.6371973319665,0.9963384471425278
NO2,PCA,68,20,3,0.1928023525871645,1.1184879405090828,24.678448592994865,992.4072438153768,0.9963384471425278
NO2,PCA,68,20,4,0.2051651825049333,0.9770754259209856,22.326719200786933,803.0686490889454,0.9963384471425278
NO2,PCA,68,20,5,0.219140244802304,0.8392736150106964,22.08488444076064,646.9849648817299,0.9963384471425278
NO2,PCA,68,20,6,0.1884260015491777,0.94236924230495,20.28256292254747,569.6186834044399,0.9963384471425278
NO2,PCA,68,20,7,0.1651384761283163,1.0184195837155452,19.512244259660594,496.2945175783226,0.9963384471425278
NO2,PCA,68,20,8,0.1634488058416293,1.0211384242517252,18.388597146312904,447.366317607028,0.9963384471425278
NO2,PCA,68,20,9,0.1692609345881811,1.0660565500995731,17.502299623640514,405.4653471442611,0.9963384471425278
NO2,PCA,68,20,10,0.1767609742800011,0.857297344767262,17.007214370669836,364.8271732653897,0.9963384471425278
NO2,PCA,68,21,2,0.7462566117068142,0.1625237778972512,29.56707678293961,1320.378931575039,0.9974611893948904
NO2,PCA,68,21,3,0.1921146342722607,1.1207548744096314,24.61050355259985,995.1478660717204,0.9974611893948904
NO2,PCA,68,21,4,0.206318605995831,0.9943691141519516,22.258347279676236,805.626396411433,0.9974611893948904
NO2,PCA,68,21,5,0.2184305966518488,0.8412593009436966,21.993979716889648,649.6771012032711,0.9974611893948904
NO2,PCA,68,21,6,0.2022284350394758,0.8981014639530067,20.260373823043835,570.7387768937108,0.9974611893948904
NO2,PCA,68,21,7,0.1641441038367009,1.0216409002041302,19.40851765140919,498.9652094586938,0.9974611893948904
NO2,PCA,68,21,8,0.1694753688501157,0.9793343371523252,18.153425012611905,452.5943961548415,0.9974611893948904
NO2,PCA,68,21,9,0.1674968487657676,0.8902420995531717,16.940953327834784,417.0696272834344,0.9974611893948904
NO2,PCA,68,21,10,0.1752618772216384,0.8603590794516774,16.886240648096727,367.460135015833,0.9974611893948904
NO2,PCA,68,22,2,0.7460027199827863,0.1627039584186916,29.519606790942444,1322.5022113370992,0.9983306734014452
NO2,PCA,68,22,3,0.1915294261109289,1.1225398913634943,24.55833881554615,997.2655490282484,0.9983306734014452
NO2,PCA,68,22,4,0.205670035826369,0.9962258337870196,22.20048327564721,807.733981649002,0.9983306734014452
NO2,PCA,68,22,5,0.2178221134829263,0.8432367277588405,21.92321010134921,651.7812751209888,0.9983306734014452
NO2,PCA,68,22,6,0.201406797438874,0.8999993272078753,20.18652873991824,572.8349445488326,0.9983306734014452
NO2,PCA,68,22,7,0.1631753185048336,1.0235588933680757,19.327846211428582,501.0561730904597,0.9983306734014452
NO2,PCA,68,22,8,0.1684625068872933,0.9815168238094172,18.071079937369184,454.6681107296937,0.9983306734014452
NO2,PCA,68,22,9,0.1662648164198296,0.892734717893358,16.85814916540689,419.1310416401309,0.9983306734014452
NO2,PCA,68,22,10,0.1742848004900287,0.8622081072050743,16.80801506464432,369.2328832278338,0.9983306734014452
NO2,PCA,68,23,2,0.7458399336175354,0.162836149130007,29.49153217772212,1323.7611743780535,0.9988462194105706
NO2,PCA,68,23,3,0.1913857346590631,1.1234345581432712,24.52921015457956,998.4803900258582,0.9988462194105706
NO2,PCA,68,23,4,0.205334664823446,0.9973011571512108,22.16601377399081,808.9910149783495,0.9988462194105706
NO2,PCA,68,23,5,0.2174448019866018,0.8440869349668153,21.881180938388027,653.0350919744332,0.9988462194105706
NO2,PCA,68,23,6,0.1864347068101832,0.9471823186871574,20.07277780510337,575.6121949703484,0.9988462194105706
NO2,PCA,68,23,7,0.1629511956674977,1.0254756956556883,19.280116798804418,502.3003983079524,0.9988462194105706
NO2,PCA,68,23,8,0.1680082111565973,0.9830594094924934,18.02163531728912,455.9177038513157,0.9988462194105706
NO2,PCA,68,23,9,0.1655792733049965,0.8952035667490361,16.80857847681769,420.3710588137578,0.9988462194105706
NO2,PCA,68,23,10,0.1734757239969894,0.864142715684465,16.75231592107395,370.4652878498502,0.9988462194105706
NO2,PCA,68,24,2,0.7457320913308232,0.1629174942579958,29.4721709156068,1324.6307988671624,0.9992023313986248
NO2,PCA,68,24,3,0.1911701715245173,1.12413725518637,24.507952693040732,999.3479055072072,0.9992023313986248
NO2,PCA,68,24,4,0.2050898849758925,0.9980073755281424,22.14235047634637,809.8572563580221,0.9992023313986248
NO2,PCA,68,24,5,0.2171840207242849,0.8447053658729796,21.854032502778743,653.8619780891114,0.9992023313986248
NO2,PCA,68,24,6,0.1862530677267525,0.9478101537732688,20.046324276489525,576.3977774159837,0.9992023313986248
NO2,PCA,68,24,7,0.1626771203271571,1.0264541612116107,19.24937814477441,503.1164260600343,0.9992023313986248
NO2,PCA,68,24,8,0.1676453616215913,0.9841351944591292,17.989243200005397,456.7477594520172,0.9992023313986248
NO2,PCA,68,24,9,0.1652104695238114,0.8962372114553254,16.778059800110373,421.1538189870394,0.9992023313986248
NO2,PCA,68,24,10,0.173032904206253,0.865119930962002,16.717421768716054,371.25321787459006,0.9992023313986248
NO2,PCA,68,25,2,0.7456665314330945,0.1629665236630402,29.460669619098294,1325.14792864561,0.9994140964649246
NO2,PCA,68,25,3,0.1910428601484126,1.1245449454979235,24.495531712287477,999.8589025998464,0.9994140964649246
NO2,PCA,68,25,4,0.2049383040349648,0.9984432490929124,22.128226812752374,810.3742349683084,0.9994140964649246
NO2,PCA,68,25,5,0.2170049289523043,0.8450746991289485,21.83678983629866,654.3785003568214,0.9994140964649246
NO2,PCA,68,25,6,0.1860831388631459,0.9483417154659676,20.029066755718176,576.8992593996404,0.9994140964649246
NO2,PCA,68,25,7,0.1624660623288371,1.0271291659840642,19.23030740038981,503.6191211358884,0.9994140964649246
NO2,PCA,68,25,8,0.1674735741104993,0.9847371097822538,17.970677886645106,457.2281015678422,0.9994140964649246
NO2,PCA,68,25,9,0.1650715085275805,0.8968098709174966,16.760294269430002,421.6124489057597,0.9994140964649246
NO2,PCA,68,25,10,0.1728391174239431,0.8656929936840317,16.696594779022643,371.7245418735952,0.9994140964649246
NO2,PCA,68,26,2,0.7456157974172799,0.1630071605139788,29.45166141412884,1325.5532438601083,0.9995800732382342
NO2,PCA,68,26,3,0.1909632313669182,1.1248544921494934,24.48563420284748,1000.2635359872072,0.9995800732382342
NO2,PCA,68,26,4,0.2048289142608198,0.9988078191725148,22.117184776600567,810.7790595261353,0.9995800732382342
NO2,PCA,68,26,5,0.2168754535247638,0.8453732320411055,21.82331351760886,654.7829200552168,0.9995800732382342
NO2,PCA,68,26,6,0.185941822174066,0.9486475972314048,20.01505914167104,577.3033758599969,0.9995800732382342
NO2,PCA,68,26,7,0.162352190835097,1.0276435885381558,19.21543801253232,504.0120557770789,0.9995800732382342
NO2,PCA,68,26,8,0.1673220713345492,0.9852342144942868,17.955302309720256,457.622220778139,0.9995800732382342
NO2,PCA,68,26,9,0.1521253302611103,1.1991127080559771,16.664519054698076,423.6853288091036,0.9995800732382342
NO2,PCA,68,26,10,0.1726247156543074,0.8662466714479793,16.6795653060103,372.10799642545066,0.9995800732382342
NO2,PCA,68,27,2,0.7455749192620253,0.1630377531482785,29.444368490095933,1325.881563380938,0.9997145202380446
NO2,PCA,68,27,3,0.1908824726161786,1.125132486800476,24.477599948713817,1000.5918530599342,0.9997145202380446
NO2,PCA,68,27,4,0.2030091508355668,0.9841061388240666,22.10346319965929,811.2242299443383,0.9997145202380446
NO2,PCA,68,27,5,0.2167807930665562,0.845714085382566,21.8124149581058,655.1103925936818,0.9997145202380446
NO2,PCA,68,27,6,0.185807154613405,0.948941717884654,20.003772513525547,577.6297177972881,0.9997145202380446
NO2,PCA,68,27,7,0.1621765495939278,1.028018242724012,19.20322739009205,504.3341573985063,0.9997145202380446
NO2,PCA,68,27,8,0.1671380370584341,0.9856368859010792,17.94266176379848,457.9457257778239,0.9997145202380446
NO2,PCA,68,27,9,0.1518914454797372,1.1997950670970985,16.651888389321485,424.0079063261557,0.9997145202380446
NO2,PCA,68,27,10,0.1723993261986995,0.8666651846542741,16.665499531477387,372.4242327809153,0.9997145202380446
NO2,PCA,68,28,2,0.7455465787707678,0.1630584719542493,29.439351648375958,1326.1075105633554,0.999807045708956
NO2,PCA,68,28,3,0.19081902498884,1.1253008836241527,24.47214744676842,1000.8160235453596,0.999807045708956
NO2,PCA,68,28,4,0.2029380226894417,0.9842637995744936,22.097385802589866,811.4482824118527,0.999807045708956
NO2,PCA,68,28,5,0.2167063123671315,0.8458515138104374,21.80515513153309,655.330608372025,0.999807045708956
NO2,PCA,68,28,6,0.1857532183286012,0.949139190954758,19.99615091845951,577.8512515815836,0.999807045708956
NO2,PCA,68,28,7,0.1620854217465934,1.0282244570519463,19.195316287949456,504.5457510380388,0.999807045708956
NO2,PCA,68,28,8,0.1670544446840401,0.985849140209706,17.93451054942802,458.15720392219407,0.999807045708956
NO2,PCA,68,28,9,0.1517770404723254,1.2000842396427285,16.643294260975804,424.22806860492574,0.999807045708956
NO2,PCA,68,28,10,0.1722848675147011,0.8668559176746667,16.65644305460679,372.6303073509113,0.999807045708956
NO2,PCA,68,29,2,0.7455219781693838,0.1630780341491541,29.43504096817337,1326.30171534293,0.9998865726486524
NO2,PCA,68,29,3,0.1907791727305671,1.125466236629683,24.467428327153502,1001.0095357120382,0.9998865726486524
NO2,PCA,68,29,4,0.2028914206164129,0.9844442513044832,22.09212698418423,811.6417880097233,0.9998865726486524
NO2,PCA,68,29,5,0.2166754582024375,0.8459932855080391,21.79903662211637,655.51730181661,0.9998865726486524
NO2,PCA,68,29,6,0.1856817494014024,0.9492818321086526,19.98944808180622,578.0451202042125,0.9998865726486524
NO2,PCA,68,29,7,0.1620253989971597,1.0284297634703248,19.188386377989403,504.7304463082938,0.9998865726486524
NO2,PCA,68,29,8,0.1669858020946722,0.9860475196113156,17.927468887694623,458.3398360560863,0.9998865726486524
NO2,PCA,68,29,9,0.1516945450337665,1.2003642995689172,16.63629524829179,424.4092784224057,0.9998865726486524
NO2,PCA,68,29,10,0.1722081682556768,0.8670735953408506,16.648562110201194,372.8094193427481,0.9998865726486524
NO2,PCA,68,30,2,0.7455052363715157,0.1630902556838614,29.431889614257862,1326.443726142676,0.9999447261302188
NO2,PCA,68,30,3,0.1907454968306748,1.1255760001405335,24.463960063138156,1001.1514890849558,0.9999447261302188
NO2,PCA,68,30,4,0.2045656241285831,0.9995795239618674,22.09306925753356,811.6658815862237,0.9999447261302188
NO2,PCA,68,30,5,0.2166401106029583,0.8460971792157215,21.79436930262199,655.6581202059821,0.9999447261302188
NO2,PCA,68,30,6,0.1856316944515951,0.9493885943146556,19.984578114592125,578.1862539562933,0.9999447261302188
NO2,PCA,68,30,7,0.1619905877581848,1.0285385889666998,19.18340493756253,504.86377487257846,0.9999447261302188
NO2,PCA,68,30,8,0.1669369370456893,0.986194819271043,17.92212077432018,458.4775920911941,0.9999447261302188
NO2,PCA,68,30,9,0.1516377296374047,1.2005804935082571,16.631229432011928,424.5407665288743,0.9999447261302188
NO2,PCA,68,30,10,0.1721840074880023,0.8671667640658154,16.644511021580417,372.9079871513459,0.9999447261302188
NO2,PCA,68,31,2,0.745498340536543,0.163095529514919,29.430592984690435,1326.5021655435762,0.999968657089606
NO2,PCA,68,31,3,0.1907349584697917,1.125620338737801,24.462586021588816,1001.2086271898957,0.999968657089606
NO2,PCA,68,31,4,0.2045493838886903,0.9996336876958888,22.091508757559676,811.723583337814,0.999968657089606
NO2,PCA,68,31,5,0.216627239500846,0.8461478567522309,21.79250969692494,655.7147378194493,0.999968657089606
NO2,PCA,68,31,6,0.1856172742084152,0.9494214571672168,19.98277243612637,578.2399664792471,0.999968657089606
NO2,PCA,68,31,7,0.161965816146777,1.0285970900060275,19.181362599108184,504.9184988241475,0.999968657089606
NO2,PCA,68,31,8,0.1669136060839713,0.986247337590525,17.920208901191465,458.5282947942373,0.999968657089606
NO2,PCA,68,31,9,0.1516215094745759,1.2006349361576718,16.62943012908808,424.5888759560255,0.999968657089606
NO2,PCA,68,31,10,0.172156771516053,0.8672263503698814,16.642314702682462,372.95860965092896,0.999968657089606
NO2,PCA,68,32,2,0.7454933185071295,0.1630996033875625,29.429663047529,1326.5440812095762,0.9999858215751368
NO2,PCA,68,32,3,0.1907317695844595,1.1256455996340933,24.46169142848716,1001.2474157855396,0.9999858215751368
NO2,PCA,68,32,4,0.2045414766998372,0.999668351250976,22.09042459130721,811.764112153696,0.9999858215751368
NO2,PCA,68,32,5,0.2166172713748481,0.8461781623256968,21.79117214763369,655.7554336392095,0.9999858215751368
NO2,PCA,68,32,6,0.1856076763767598,0.9494494437041684,19.9814734006362,578.2785827709872,0.9999858215751368
NO2,PCA,68,32,7,0.1619603436226575,1.0286499692268964,19.17997920296979,504.9560538882848,0.9999858215751368
NO2,PCA,68,32,8,0.1669025026849556,0.986299330283238,17.918753378504018,458.5664175316113,0.9999858215751368
NO2,PCA,68,32,9,0.1516113580668635,1.2006907894667065,16.627998129464732,424.62637178464325,0.9999858215751368
NO2,PCA,68,32,10,0.1721447337210506,0.8672792748448896,16.64070605151452,372.9955587973652,0.9999858215751368
NO2,PCA,68,33,2,0.7454904187805402,0.1631016498241226,29.42915340151768,1326.5670539367727,0.9999952289164816
NO2,PCA,68,33,3,0.190724698794948,1.1256640147455663,24.461133372695045,1001.2703116451336,0.9999952289164816
NO2,PCA,68,33,4,0.2045336911846662,0.999686531441701,22.08980281827388,811.787002378873,0.9999952289164816
NO2,PCA,68,33,5,0.216609096639852,0.8461939891624702,21.790413892935494,655.778293726397,0.9999952289164816
NO2,PCA,68,33,6,0.1855994255475727,0.9494699237725548,19.9806988146134,578.3011321086723,0.9999952289164816
NO2,PCA,68,33,7,0.1619506787421179,1.0286738327139149,19.17914475853227,504.9782309095789,0.9999952289164816
NO2,PCA,68,33,8,0.1668933877224852,0.986320083212584,17.917948195340752,458.5874685621607,0.9999952289164816
NO2,PCA,68,33,9,0.1515992844493265,1.2007224863840094,16.62718210882516,424.64758232607176,0.9999952289164816
NO2,PCA,68,33,10,0.1721307706245765,0.8673019944166205,16.639775883667706,373.01673351244114,0.9999952289164816
NO2,PCA,68,34,2,0.7454892631373041,0.1631024818955311,29.42894456116335,1326.576467824061,0.9999990839075734
NO2,PCA,68,34,3,0.1907222885794101,1.1256714220212938,24.460904972459293,1001.2796873805568,0.9999990839075734
NO2,PCA,68,34,4,0.2045309581861119,0.999693930554184,22.08954674217417,811.7964141735553,0.9999990839075734
NO2,PCA,68,34,5,0.2166064029598408,0.8462007507412099,21.790105978729223,655.7875999893208,0.9999990839075734
NO2,PCA,68,34,6,0.1855969009786569,0.9494778627687132,19.980387441436548,578.310239444014,0.9999990839075734
NO2,PCA,68,34,7,0.1619476117575644,1.02868527160642,19.178794263184628,504.9874977886211,0.9999990839075734
NO2,PCA,68,34,8,0.1668897001016181,0.9863298017041064,17.91759071596368,458.5966676481472,0.9999990839075734
NO2,PCA,68,34,9,0.1515950310381784,1.2007375490871244,16.62682956172029,424.6566576195272,0.9999990839075734
NO2,PCA,68,34,10,0.1721257554448698,0.8673128469474781,16.639373275437382,373.0258183884805,0.9999990839075734
NO2,PCA,68,35,2,0.7454890001684483,0.1631026779780247,29.42889860236336,1326.5785395245289,0.9999999322697688
NO2,PCA,68,35,3,0.1907217331652216,1.1256731317796869,24.460854372852427,1001.2817588107772,0.9999999322697688
NO2,PCA,68,35,4,0.2045303463437039,0.9996957153718448,22.089490789642213,811.7984755763895,0.9999999322697688
NO2,PCA,68,35,5,0.2166057366460737,0.8462024814548803,21.79003744061863,655.7896651108242,0.9999999322697688
NO2,PCA,68,35,6,0.1855963310524911,0.9494799013231716,19.980318203624854,578.3122594912123,0.9999999322697688
NO2,PCA,68,35,7,0.1619466019963856,1.0286876386086257,19.178717189137554,504.9895359419356,0.9999999322697688
NO2,PCA,68,35,8,0.1668887128917827,0.98633201525712,17.917516372178426,458.598602183448,0.9999999322697688
NO2,PCA,68,35,9,0.1515936627234217,1.200740724351088,16.62675022202664,424.6586918814103,0.9999999322697688
NO2,PCA,68,35,10,0.1721244392663957,0.867315326826289,16.639285037160157,373.0278108366244,0.9999999322697688
NO2,PCA,68,36,2,0.7454889793422194,0.1631026847425598,29.428894933181795,1326.5787049217531,1.0
NO2,PCA,68,36,3,0.190721689518424,1.125673248189209,24.460850473962086,1001.2819207862436,1.0
NO2,PCA,68,36,4,0.2045302961633223,0.9996958420979054,22.08948630696216,811.7986405352001,1.0
NO2,PCA,68,36,5,0.2166056854107626,0.8462025665581965,21.790032219534343,655.7898244631496,1.0
NO2,PCA,68,36,6,0.1855962815525063,0.9494800345852764,19.980312858878563,578.3124167236762,1.0
NO2,PCA,68,36,7,0.161946544489552,1.0286878291981525,19.178711334734388,504.989692418367,1.0
NO2,PCA,68,36,8,0.1668886509873249,0.9863321678788268,17.917510638200675,458.5987524443723,1.0
NO2,PCA,68,36,9,0.1515935858124874,1.2007409499926496,16.62674439057059,424.6588436828503,1.0
NO2,PCA,68,36,10,0.1721243383566151,0.8673155001315351,16.639278177506878,373.027966393926,1.0
NO2,68 Fitur,68,0,2,0.7454889793422196,0.163102692992301,29.42889493318181,1326.578704921753,1.0
NO2,68 Fitur,68,0,3,0.1907216895184239,1.1256732509208545,24.460850473962093,1001.2819207862432,1.0
NO2,68 Fitur,68,0,4,0.2045302961633223,0.9996958441555406,22.08948630696217,811.7986405351999,1.0
NO2,68 Fitur,68,0,5,0.2166056854107625,0.8462025682056116,21.79003221953435,655.7898244631494,1.0
NO2,68 Fitur,68,0,6,0.1855962815525061,0.9494800359532594,19.98031285887857,578.3124167236762,1.0
NO2,68 Fitur,68,0,7,0.1619465444895518,1.028687830352128,19.178711334734384,504.989692418367,1.0
NO2,68 Fitur,68,0,8,0.1668886509873248,0.9863321689062684,17.91751063820067,458.5987524443724,1.0
NO2,68 Fitur,68,0,9,0.1515935858124874,1.20074095089445,16.62674439057059,424.6588436828503,1.0
NO2,68 Fitur,68,0,10,0.1721243383566149,0.8673154985234145,16.639278177506878,373.027966393926,1.0
CO,PCA,68,1,2,0.948899886422482,0.0169551151227408,1749.4307622516956,25.45158390607277,0.5395496200775334
CO,PCA,68,1,3,0.5493574149409106,0.4149494969492385,1918.417840267942,11.397790057477218,0.5395496200775334
CO,PCA,68,1,4,0.5537297174430116,0.305469721020522,2313.5730538504467,6.1403900279700485,0.5395496200775334
CO,PCA,68,1,5,0.6155592644272019,0.2521439958513312,4066.5704791246,2.5477371770783663,0.5395496200775334
CO,PCA,68,1,6,0.6206076804870673,0.2314943152714975,6471.215515010324,1.2420423495038493,0.5395496200775334
CO,PCA,68,1,7,0.5592397696156887,0.2994806671759821,9614.87617696611,0.6744457061690103,0.5395496200775334
CO,PCA,68,1,8,0.5371038698854685,0.33091356856666,12101.767449139666,0.4440674879369645,0.5395496200775334
CO,PCA,68,1,9,0.5509849330777753,0.2809377204632911,13730.29771032508,0.3306921379501768,0.5395496200775334
CO,PCA,68,1,10,0.5623782415669222,0.2895062039911302,17630.9741257108,0.2207585471719349,0.5395496200775334
CO,PCA,68,2,2,0.8850776879599994,0.0588932437434702,76.4742268018285,586.1626816149906,0.7762641130159474
CO,PCA,68,2,3,0.8420287416681642,0.0623779066260218,188.55412976458285,154.40000304058816,0.7762641130159474
CO,PCA,68,2,4,0.6770907141202355,0.1558592054390269,257.71301190236426,76.42379118320704,0.7762641130159474
CO,PCA,68,2,5,0.5134233281383805,0.3167837946491055,543.0633886074816,27.102728729934128,0.7762641130159474
CO,PCA,68,2,6,0.4645733625630945,0.3497256482411487,835.7264397833854,13.748082542886811,0.7762641130159474
CO,PCA,68,2,7,0.477417294636149,0.3791324720279798,1154.1107420801395,8.053221853733275,0.7762641130159474
CO,PCA,68,2,8,0.4393314236874643,0.4763642519990719,1190.4403885425331,6.474528221792918,0.7762641130159474
CO,PCA,68,2,9,0.4013300695395033,0.4552380840735803,1194.104452350954,5.456061188220197,0.7762641130159474
CO,PCA,68,2,10,0.3423035632534459,0.552624562105532,1167.5355430732354,4.784771900821855,0.7762641130159474
CO,PCA,68,3,2,0.8630020027085568,0.0752499839286861,61.29791641326377,731.5069761084982,0.83685889683416
CO,PCA,68,3,3,0.8104599279762661,0.0835949539063257,109.96708377136628,269.47910419582985,0.83685889683416
CO,PCA,68,3,4,0.5745171746925722,0.3513341748628113,163.8392399490435,126.6254767648276,0.83685889683416
CO,PCA,68,3,5,0.490037245669868,0.3823007572257082,288.9942014065911,54.213735819866834,0.83685889683416
CO,PCA,68,3,6,0.4640388450253382,0.4369644340632193,319.3879360417617,38.32575359639131,0.83685889683416
CO,PCA,68,3,7,0.4127123606514752,0.4846919452590447,390.9877077138309,25.412981358762774,0.83685889683416
CO,PCA,68,3,8,0.3904682939352041,0.4354599515607984,457.48973327829657,18.06220697424262,0.83685889683416
CO,PCA,68,3,9,0.3454998644991504,0.5093745492154443,485.4613898849729,14.406576694652102,0.83685889683416
CO,PCA,68,3,10,0.3906299027823801,0.4847067126525757,503.1989539795053,11.92799173761811,0.83685889683416
CO,PCA,68,4,2,0.8420847582153683,0.0904721803204092,54.4118073708886,824.0832371249222,0.8753522026182571
CO,PCA,68,4,3,0.7748784434571561,0.107241302925555,81.98007867753267,361.575534008654,0.8753522026182571
CO,PCA,68,4,4,0.4757516670722948,0.4342547944606751,95.13144801612496,218.1958595038448,0.8753522026182571
CO,PCA,68,4,5,0.3245333005953662,0.6122997732084873,108.59485109293364,144.44699933577078,0.8753522026182571
CO,PCA,68,4,6,0.3704145901365888,0.5303704329426759,132.58680966276336,94.04623339175154,0.8753522026182571
CO,PCA,68,4,7,0.3810812818700206,0.5356849525059494,135.0144533187155,75.17874038706505,0.8753522026182571
CO,PCA,68,4,8,0.3170005802659571,0.6576036787336582,136.98178651343216,61.80092980206903,0.8753522026182571
CO,PCA,68,4,9,0.300989210380516,0.5349460727121803,135.90185378924812,52.856378629503496,0.8753522026182571
CO,PCA,68,4,10,0.3076069216222579,0.5983179342784826,146.82855013324394,42.152621354702745,0.8753522026182571
CO,PCA,68,5,2,0.8309927822962637,0.0985077684170261,50.12403815885387,894.5837081650095,0.9046697678660788
CO,PCA,68,5,3,0.756193212526983,0.1194698249885655,68.60470284747466,432.072330478229,0.9046697678660788
CO,PCA,68,5,4,0.4375692093897056,0.5088710941779997,72.59673963505443,286.2915325810308,0.9046697678660788
CO,PCA,68,5,5,0.2887897594668915,0.6560014748051685,78.41526165009196,201.4209758945381,0.9046697678660788
CO,PCA,68,5,6,0.2808858497208688,0.6271612586444243,82.82812623099554,151.51987893860297,0.9046697678660788
CO,PCA,68,5,7,0.2909276895712133,0.6499896786697686,84.5311091909597,121.50697178772435,0.9046697678660788
CO,PCA,68,5,8,0.292246704301226,0.5738300717864293,85.4723391884977,100.5827384238968,0.9046697678660788
CO,PCA,68,5,9,0.280253914598814,0.6151652315469145,89.44300597640805,81.93255308469013,0.9046697678660788
CO,PCA,68,5,10,0.2644834974938426,0.6096624578790748,85.59556485672259,73.67403081305018,0.9046697678660788
CO,PCA,68,6,2,0.8252900546463235,0.1024014126982931,47.71857859399525,939.6872437192606,0.9234284897340822
CO,PCA,68,6,3,0.7469362351071855,0.1253929737572962,62.18104477488558,476.8107557827124,0.9234284897340822
CO,PCA,68,6,4,0.2319820686868367,0.7312659850652822,60.03616245460977,343.89949923779795,0.9234284897340822
CO,PCA,68,6,5,0.2664618308247004,0.7018424324361989,64.84896359432838,243.884926646602,0.9234284897340822
CO,PCA,68,6,6,0.2480839671138622,0.7487284213610074,64.89824600226557,193.66500560345963,0.9234284897340822
CO,PCA,68,6,7,0.2567396616123586,0.590513476036897,71.49204273612214,145.16840172982532,0.9234284897340822
CO,PCA,68,6,8,0.2783966676491012,0.6036284236115107,77.98164633268189,112.03289307415788,0.9234284897340822
CO,PCA,68,6,9,0.256322839491396,0.605534230585874,78.14550579898805,95.20376212101296,0.9234284897340822
CO,PCA,68,6,10,0.2624427260321955,0.5410853114264854,80.10557528686148,80.16954976165982,0.9234284897340822
CO,PCA,68,7,2,0.818062992025059,0.1076133742003394,45.77358310028932,979.624235289877,0.9400387238045048
CO,PCA,68,7,3,0.7349019101981152,0.1333732024963785,57.45917100195611,516.1685619859711,0.9400387238045048
CO,PCA,68,7,4,0.4182536077938877,0.6151926201300066,56.49283186968639,368.46467616389486,0.9400387238045048
CO,PCA,68,7,5,0.2373666474694684,0.7703003538842212,55.99413599099252,282.6250369025129,0.9400387238045048
CO,PCA,68,7,6,0.2258461351938031,0.8202267265248735,55.44394755357298,227.3851362044471,0.9400387238045048
CO,PCA,68,7,7,0.2357653011872815,0.6779307268824193,59.330091498961245,175.71816533063233,0.9400387238045048
CO,PCA,68,7,8,0.247262354189726,0.6485648356130765,58.32355811540607,149.9388580491713,0.9400387238045048
CO,PCA,68,7,9,0.2515101668699204,0.594579985411588,60.72066237255586,123.21230683858349,0.9400387238045048
CO,PCA,68,7,10,0.2296587494790766,0.6741249060915954,61.12416158839512,105.76948258262996,0.9400387238045048
CO,PCA,68,8,2,0.8132737882195963,0.1112030001506989,44.48620924437984,1007.9866852609003,0.9518389139316508
CO,PCA,68,8,3,0.7268499652545709,0.1388297966831614,54.46719916225005,544.5286012642777,0.9518389139316508
CO,PCA,68,8,4,0.4026778364291128,0.6302075383664736,52.70964610680364,395.24467654157536,0.9518389139316508
CO,PCA,68,8,5,0.2263046623793369,0.7943859626968302,51.3077046168467,308.78586218025634,0.9518389139316508
CO,PCA,68,8,6,0.2051748029511523,0.8165469889763587,49.50307477988052,254.7950916842601,0.9518389139316508
CO,PCA,68,8,7,0.2193414763754806,0.7081558500311027,51.21237125817076,203.61821933217945,0.9518389139316508
CO,PCA,68,8,8,0.2096717434903464,0.7372227107824185,52.57723348070501,167.2020425777003,0.9518389139316508
CO,PCA,68,8,9,0.2095788518264045,0.7954246302158257,52.51454156223685,143.0361444468408,0.9518389139316508
CO,PCA,68,8,10,0.2073536971771589,0.6847441373890861,50.12569021728394,129.26924310872454,0.9518389139316508
CO,PCA,68,9,2,0.8096816345573179,0.1139300155375189,43.40191970296014,1033.175076333645,0.9623155256763892
CO,PCA,68,9,3,0.7208102505235654,0.1428566188297101,52.06412834825516,569.6773594084348,0.9623155256763892
CO,PCA,68,9,4,0.3924593937686551,0.6480758905302744,49.68843984326083,419.48775248661946,0.9623155256763892
CO,PCA,68,9,5,0.2278448546763012,0.8015807153750826,49.02751748409381,324.66695958101195,0.9623155256763892
CO,PCA,68,9,6,0.1875939945703843,0.8878141831047301,45.36379480485664,278.2783318734554,0.9623155256763892
CO,PCA,68,9,7,0.2022491358600116,0.7613962855855417,47.33965701139277,221.0913264819398,0.9623155256763892
CO,PCA,68,9,8,0.2051917169324478,0.6765540824144833,47.12039280022135,187.03651226846475,0.9623155256763892
CO,PCA,68,9,9,0.2038530126902047,0.7239686178965747,47.86436664988271,157.70253710311272,0.9623155256763892
CO,PCA,68,9,10,0.1991085924420015,0.7203499352384208,46.147489345245326,141.2708280779525,0.9623155256763892
CO,PCA,68,10,2,0.806415695238201,0.1166052963485311,42.61147407107524,1052.3450020453529,0.97028864674866
CO,PCA,68,10,3,0.7152965365169139,0.1469581454258965,50.36970323272489,588.8440859725971,0.97028864674866
CO,PCA,68,10,4,0.3795067936204844,0.6569118127638114,47.5440204652716,438.4561556540639,0.97028864674866
CO,PCA,68,10,5,0.2155709629257064,0.832120103045756,46.33689906901225,343.56678211861004,0.97028864674866
CO,PCA,68,10,6,0.1768319625636594,0.8971197180536512,42.86825208586679,294.8540735942888,0.97028864674866
CO,PCA,68,10,7,0.1901612445236697,0.7867535290393891,43.6616774437143,239.7722723522714,0.97028864674866
CO,PCA,68,10,8,0.179265295715186,0.7317931605487673,42.78502055034068,206.00846902593892,0.97028864674866
CO,PCA,68,10,9,0.1967682660771296,0.7982824194382228,44.11196704748451,171.54100513976476,0.97028864674866
CO,PCA,68,10,10,0.2010322932048245,0.7273825863615218,42.29734737431625,154.54840055956495,0.97028864674866
CO,PCA,68,11,2,0.8038734427203397,0.11845799893696,41.95779843115066,1068.739887224363,0.9771056586438152
CO,PCA,68,11,3,0.7110385200349608,0.1497494483081241,49.005332065719934,605.2384497342758,0.9771056586438152
CO,PCA,68,11,4,0.370211587004199,0.6656906241935883,45.84155122640789,454.76116752093264,0.9771056586438152
CO,PCA,68,11,5,0.2062331348053022,0.856794570653873,44.227039852950455,359.957465045666,0.9771056586438152
CO,PCA,68,11,6,0.1719414555478658,0.9790123841062378,41.044038158329,308.3907101084532,0.9771056586438152
CO,PCA,68,11,7,0.1799658469555059,0.8159793088912473,40.9593184874859,255.6542597208262,0.9771056586438152
CO,PCA,68,11,8,0.1683228339829817,0.7588591513474984,39.94484920869101,220.8203335762132,0.9771056586438152
CO,PCA,68,11,9,0.1675119022220453,0.795449063697835,39.77699738898291,190.0498504484536,0.9771056586438152
CO,PCA,68,11,10,0.1789781534562656,0.8060660084790797,38.24032343573108,170.94476327523398,0.9771056586438152
CO,PCA,68,12,2,0.8018059747754259,0.1199774367012104,41.43794721780545,1082.1476447953855,0.9826806599909956
CO,PCA,68,12,3,0.7075734181066355,0.1520501472883436,47.94347496476797,618.6441179121996,0.9826806599909956
CO,PCA,68,12,4,0.3623521240151839,0.6710091983902609,44.5351422888807,468.11470698737946,0.9826806599909956
CO,PCA,68,12,5,0.2012041490142131,0.8722134155998281,42.6504403051648,373.279596076855,0.9826806599909956
CO,PCA,68,12,6,0.1722917901839156,0.9166932672555962,39.445791289976775,321.00990928255203,0.9826806599909956
CO,PCA,68,12,7,0.1648412785219847,0.8444384296702699,38.63937713572746,270.78147563012305,0.9826806599909956
CO,PCA,68,12,8,0.1644339095973378,0.7761489634885267,37.86668211714213,233.06632540525925,0.9826806599909956
CO,PCA,68,12,9,0.1770223591117533,0.7819486851775075,37.86607010705462,199.9637488905079,0.9826806599909956
CO,PCA,68,12,10,0.141433293037539,0.8707005757874958,35.10395452833772,186.0710010180757,0.9826806599909956
CO,PCA,68,13,2,0.8000581673124612,0.1212855197718915,41.015774165233765,1093.286354576576,0.9873122498060544
CO,PCA,68,13,3,0.7046489055598352,0.1540052080719693,47.09963673968862,629.7424351599634,0.9873122498060544
CO,PCA,68,13,4,0.3574800157183295,0.6770404327587527,43.520997909594506,479.06946993027714,0.9873122498060544
CO,PCA,68,13,5,0.1968736686616165,0.8867591358192628,41.45261770651291,384.122996258836,0.9873122498060544
CO,PCA,68,13,6,0.1490189886658527,0.99440992885269,37.64752410587965,335.75015367592886,0.9873122498060544
CO,PCA,68,13,7,0.1746321087447197,0.8207223897881136,37.38830701012801,280.0873788396664,0.9873122498060544
CO,PCA,68,13,8,0.1823056579059994,0.8532142373078027,35.44930108037903,248.46223506635917,0.9873122498060544
CO,PCA,68,13,9,0.1688437185422656,0.8032808000435276,35.95746062683418,210.6243212491617,0.9873122498060544
CO,PCA,68,13,10,0.1602928388121875,0.8574871655426242,34.79230617637628,188.48963196650632,0.9873122498060544
CO,PCA,68,14,2,0.7988185658835533,0.1222386211886448,40.71160876189516,1101.4545924365675,0.9907086328666468
CO,PCA,68,14,3,0.7025715949452365,0.1554218450945219,46.49811873482971,637.8948425842922,0.9907086328666468
CO,PCA,68,14,4,0.3532339552513669,0.6828744260613276,42.79315288971736,487.2218019311728,0.9907086328666468
CO,PCA,68,14,5,0.1950987400734375,0.8976385578392627,40.65483639358558,391.7644269145512,0.9907086328666468
CO,PCA,68,14,6,0.1465350952117193,1.0339243259967947,37.01723821356831,341.81861301902177,0.9907086328666468
CO,PCA,68,14,7,0.1715406497089938,0.8335874016967936,36.4203841552656,287.6185615653436,0.9907086328666468
CO,PCA,68,14,8,0.1787087605442104,0.8650470888725494,34.443308949385155,255.81697349438772,0.9907086328666468
CO,PCA,68,14,9,0.164024303473764,0.8157303178975837,34.73885881879747,218.08417339733936,0.9907086328666468
CO,PCA,68,14,10,0.1268554936056478,0.9941037470074888,32.79582590225773,199.68704746890683,0.9907086328666468
CO,PCA,68,15,2,0.7979182159677546,0.1228937554855733,40.49377769442066,1107.379726282971,0.9931723062585676
CO,PCA,68,15,3,0.7010698594823679,0.1564055413046415,46.07026976422212,643.8191860155332,0.9931723062585676
CO,PCA,68,15,4,0.3507940911115931,0.6862272381461283,42.28922482832967,493.0522717624976,0.9931723062585676
CO,PCA,68,15,5,0.1919465389953461,0.906340299064998,40.05146395513176,397.6701977333639,0.9931723062585676
CO,PCA,68,15,6,0.1277870086220223,1.0480795454366678,35.5106693895525,355.0456627850441,0.9931723062585676
CO,PCA,68,15,7,0.1681147527417073,0.8434093897462684,35.686967345217454,293.53126472728155,0.9931723062585676
CO,PCA,68,15,8,0.1512592513666876,0.8061800136797955,34.254801468635414,257.7121515248978,0.9931723062585676
CO,PCA,68,15,9,0.1596501349441838,0.8273675480510946,33.83416523430395,223.924328707101,0.9931723062585676
CO,PCA,68,15,10,0.1115608549248148,0.9932775562640576,31.255465599510188,209.18525158677252,0.9931723062585676
CO,PCA,68,16,2,0.7972633456188795,0.1233759931089328,40.33203227929115,1111.8207072397986,0.9950188702889544
CO,PCA,68,16,3,0.6999921276977248,0.1571388507592937,45.75682183043442,648.2378381378644,0.9950188702889544
CO,PCA,68,16,4,0.3484044412015691,0.6878993540765386,41.91480437376685,497.4642640187926,0.9950188702889544
CO,PCA,68,16,5,0.1900461193897368,0.9115407060650124,39.61488575084175,402.0625643110162,0.9950188702889544
CO,PCA,68,16,6,0.1271521789331658,1.0551035179937005,35.099217668629606,359.2495745058245,0.9950188702889544
CO,PCA,68,16,7,0.1777763611190007,0.8293831377043303,35.187164612082505,297.7344142270568,0.9950188702889544
CO,PCA,68,16,8,0.1482735976889539,0.8221376977474375,33.7659332195328,261.52091618138974,0.9950188702889544
CO,PCA,68,16,9,0.1574035794566971,0.8359036663796849,33.22822148209743,228.0418436471207,0.9950188702889544
CO,PCA,68,16,10,0.1518531646438906,0.7874767692810944,31.08892374513101,210.59805826695285,0.9950188702889544
CO,PCA,68,17,2,0.7968130185948763,0.1237083393399282,40.22167109711041,1114.871348199723,0.9962873284214024
CO,PCA,68,17,3,0.6992436545542859,0.1576417207658741,45.5425219184027,651.288214371215,0.9962873284214024
CO,PCA,68,17,4,0.3470195815765188,0.69011080109402,41.6611660528983,500.4974870270201,0.9962873284214024
CO,PCA,68,17,5,0.188436761990179,0.9157651585279268,39.32217445436638,405.0652452015364,0.9962873284214024
CO,PCA,68,17,6,0.1390343438091063,1.03938515327992,35.24569935861691,358.4362330467692,0.9962873284214024
CO,PCA,68,17,7,0.1768429018861954,0.8341604414586419,34.86833548355601,300.4980012072177,0.9962873284214024
CO,PCA,68,17,8,0.1484105094347492,0.8166089305049034,33.35089223489417,264.752928817454,0.9962873284214024
CO,PCA,68,17,9,0.155288169935057,0.8421798412309993,32.81480792813019,230.93192737200195,0.9962873284214024
CO,PCA,68,17,10,0.1496439995216033,0.7936869372214505,30.674337054477327,213.462645543149,0.9962873284214024
CO,PCA,68,18,2,0.7964019638232371,0.1240039701066643,40.11686887026252,1117.7838778700448,0.9974983662519468
CO,PCA,68,18,3,0.6985488983580243,0.1580772756671956,45.33977774853157,654.2006111847508,0.9974983662519468
CO,PCA,68,18,4,0.3455732473423318,0.6913632100072651,41.42108355852246,503.4008739963381,0.9974983662519468
CO,PCA,68,18,5,0.1874103751748786,0.9197013500888211,39.04249431725702,407.96877047497776,0.9974983662519468
CO,PCA,68,18,6,0.13769433724743,1.042983511160026,34.968732588886866,361.2862773239178,0.9974983662519468
CO,PCA,68,18,7,0.160154910469011,0.894504903844126,33.59287984596058,310.8064985576645,0.9974983662519468
CO,PCA,68,18,8,0.1470706339479961,0.8208905023450306,33.0144641913843,267.4747765758847,0.9974983662519468
CO,PCA,68,18,9,0.1537207213729602,0.8464588847302229,32.44199527644496,233.61091762839567,0.9974983662519468
CO,PCA,68,18,10,0.1488239800346338,0.796986333911584,30.36049101830228,215.73275730742097,0.9974983662519468
CO,PCA,68,19,2,0.7961471475737634,0.1241902882017926,40.05358543281252,1119.5499453569398,0.9982326993780528
CO,PCA,68,19,3,0.6981270553137147,0.1583594627340616,45.217774112925525,655.9659919687325,0.9982326993780528
CO,PCA,68,19,4,0.3447479735140456,0.6922331076604482,41.27771918172863,505.1529882213424,0.9982326993780528
CO,PCA,68,19,5,0.1866982233136323,0.9218332700152192,38.87799876606315,409.7017287763942,0.9982326993780528
CO,PCA,68,19,6,0.1351844535066929,0.8675466425627306,33.90983898324203,371.09717111168135,0.9982326993780528
CO,PCA,68,19,7,0.1597073606559038,0.8968626620419089,33.41472971777629,312.4777474216198,0.9982326993780528
CO,PCA,68,19,8,0.146463026851816,0.8234421463257124,32.8041550893402,269.19532058729044,0.9982326993780528
CO,PCA,68,19,9,0.152893841677185,0.8496940564474793,32.20462328756337,235.3371348954007,0.9982326993780528
CO,PCA,68,19,10,0.1484498864194046,0.7993358109897987,30.15682862201631,217.2176660234124,0.9982326993780528
CO,PCA,68,20,2,0.7959099115177569,0.1243682534670357,39.99737066092332,1121.1234299397124,0.9988869549371456
CO,PCA,68,20,3,0.6977302368667395,0.1586292437601539,45.10976969550547,657.5373464242705,0.9988869549371456
CO,PCA,68,20,4,0.3438889237607282,0.6930316199210403,41.14982356488645,506.7237544913783,0.9988869549371456
CO,PCA,68,20,5,0.1859388632015827,0.9238427404601784,38.73264579319029,411.2453871762415,0.9988869549371456
CO,PCA,68,20,6,0.1803891891546153,0.8365105026759477,34.974551837835925,361.7380814180739,0.9988869549371456
CO,PCA,68,20,7,0.1629524777646826,0.8754204223444616,33.34598677029043,313.24309646988934,0.9988869549371456
CO,PCA,68,20,8,0.1438393815268162,0.8364524174064909,32.67832909207662,270.29225677531656,0.9988869549371456
CO,PCA,68,20,9,0.1519117270154693,0.8526467223194528,32.01550933256037,236.74532904628555,0.9988869549371456
CO,PCA,68,20,10,0.1473011073939071,0.8021338088073883,29.97676701253373,218.54687505092,0.9988869549371456
CO,PCA,68,21,2,0.7957159516200993,0.1245229006101632,39.9543419903836,1122.330819608694,0.9993889881710424
CO,PCA,68,21,3,0.6974047265127066,0.1588610506669266,45.02708979288607,658.7447342412536,0.9993889881710424
CO,PCA,68,21,4,0.3431387956559575,0.6935610009043318,41.05202636945341,507.9309591985551,0.9993889881710424
CO,PCA,68,21,5,0.1852269151537126,0.9255388327123342,38.61927560010473,412.4526579380757,0.9993889881710424
CO,PCA,68,21,6,0.1797159099937243,0.8381567662012294,34.85887556179869,362.9395349658136,0.9993889881710424
CO,PCA,68,21,7,0.1621512254691891,0.8776091139015288,33.21836803631941,314.4470368629102,0.9993889881710424
CO,PCA,68,21,8,0.1452983914286341,0.827825855108586,32.49823483464465,271.7572820887534,0.9993889881710424
CO,PCA,68,21,9,0.1510578228657397,0.8554808996223489,31.855410710819875,237.93689958055865,0.9993889881710424
CO,PCA,68,21,10,0.146520450231553,0.8048433786876016,29.823714569382176,219.67628113547164,0.9993889881710424
CO,PCA,68,22,2,0.7956400644913945,0.1245788531669566,39.93648678161913,1122.8326027987878,0.9995976299091454
CO,PCA,68,22,3,0.6972774038890345,0.1589454485269731,44.992818118799725,659.2465117574931,0.9995976299091454
CO,PCA,68,22,4,0.3428575257051777,0.6937964391763471,41.01151210492064,508.4327340051443,0.9995976299091454
CO,PCA,68,22,5,0.1849615956731314,0.926232146772696,38.573241190074846,412.9465312702034,0.9995976299091454
CO,PCA,68,22,6,0.1794527604363727,0.838848082501973,34.81144982957139,363.435097308557,0.9995976299091454
CO,PCA,68,22,7,0.135913064370717,0.9769354019819044,32.994435855386975,316.3663633645773,0.9995976299091454
CO,PCA,68,22,8,0.1450358302141718,0.8286647009065728,32.441346065544415,272.2366899367996,0.9995976299091454
CO,PCA,68,22,9,0.1506527899363283,0.856533902582955,31.791555346982094,238.41717847325648,0.9995976299091454
CO,PCA,68,22,10,0.1460921103637968,0.805911004012081,29.759121940793417,220.15537879278747,0.9995976299091454
CO,PCA,68,23,2,0.7955876014219405,0.1246191610049988,39.92461852118535,1123.1663837465696,0.9997364162522238
CO,PCA,68,23,3,0.6971894701924838,0.1590057163528385,44.970050541522056,659.5802814633023,0.9997364162522238
CO,PCA,68,23,4,0.342714189971612,0.6939727592671958,40.985390717662575,508.7588364122192,0.9997364162522238
CO,PCA,68,23,5,0.1848527814011826,0.9266155477834688,38.54361199984596,413.26677974104064,0.9997364162522238
CO,PCA,68,23,6,0.1541308341915515,0.983460989762962,35.12394780859223,360.7368243659767,0.9997364162522238
CO,PCA,68,23,7,0.1569826880063514,0.9188288449023256,32.88107251297489,317.3571815136787,0.9997364162522238
CO,PCA,68,23,8,0.1449045209091249,0.8291549738645121,32.40432392964641,272.5503007554041,0.9997364162522238
CO,PCA,68,23,9,0.1504577165833932,0.857186769304602,31.750796648473504,238.72598874066904,0.9997364162522238
CO,PCA,68,23,10,0.145892675948862,0.8065627828742432,29.718365212372643,220.46022765624377,0.9997364162522238
CO,PCA,68,24,2,0.7955491157600324,0.1246477180858305,39.91489999255848,1123.4398536708543,0.9998501251607548
CO,PCA,68,24,3,0.6971262208419194,0.1590493593652431,44.95142134899752,659.8536640008662,0.9998501251607548
CO,PCA,68,24,4,0.3426449859075738,0.6942058385238128,40.964578056828906,509.0204914624865,0.9998501251607548
CO,PCA,68,24,5,0.184686867563244,0.9270322289072036,38.51899323080298,413.5325180544729,0.9998501251607548
CO,PCA,68,24,6,0.153964176724703,0.9839523874189678,35.098290755746895,361.001991691324,0.9998501251607548
CO,PCA,68,24,7,0.1568139514150557,0.9192556356140396,32.853870518712306,317.6213578771201,0.9998501251607548
CO,PCA,68,24,8,0.1447433791834551,0.8295731939232527,32.37389611714021,272.80843039291585,0.9998501251607548
CO,PCA,68,24,9,0.1502726184437001,0.857713574852793,31.71669360478705,238.98434427122447,0.9998501251607548
CO,PCA,68,24,10,0.1456958449100815,0.807056455598427,29.684955350930775,220.7106779122285,0.9998501251607548
CO,PCA,68,25,2,0.7955282025734702,0.1246630961232632,39.910065132361794,1123.575951545225,0.9999067147182432
CO,PCA,68,25,3,0.6970913880585164,0.1590725576036733,44.942152655617946,659.9897529965422,0.9999067147182432
CO,PCA,68,25,4,0.3425932729490101,0.6942710601366309,40.95402770835725,509.1526740979897,0.9999067147182432
CO,PCA,68,25,5,0.1846230140373121,0.9272005600664996,38.50646441961155,413.66733488057537,0.9999067147182432
CO,PCA,68,25,6,0.1538875655742207,0.984168951967023,35.08529976259385,361.1360244178835,0.9999067147182432
CO,PCA,68,25,7,0.1614531626385226,0.8796490965230611,33.09262814507279,315.6484293678788,0.9999067147182432
CO,PCA,68,25,8,0.1446699865944573,0.8297910631862442,32.35850368195002,272.93891923154206,0.9999067147182432
CO,PCA,68,25,9,0.1501739813782683,0.8579686610733697,31.69964400810946,239.11363334247747,0.9999067147182432
CO,PCA,68,25,10,0.1455996131576251,0.807297720567757,29.668511381827223,220.8342725620886,0.9999067147182432
CO,PCA,68,26,2,0.7955115051036572,0.1246755413157551,39.90607494325036,1123.688297375445,0.999953428168202
CO,PCA,68,26,3,0.6970638173988598,0.1590916734068558,44.934503960315645,660.1020965123529,0.999953428168202
CO,PCA,68,26,4,0.3425610058485606,0.6943801198297865,40.94512582937705,509.2637185841437,0.999953428168202
CO,PCA,68,26,5,0.1845632443964104,0.9273525282584884,38.49616177116066,413.778325459314,0.999953428168202
CO,PCA,68,26,6,0.1538576799715371,0.98433599897719,35.075177728972925,361.2414624916285,0.999953428168202
CO,PCA,68,26,7,0.1613957178546261,0.8798302116785685,33.081026753221906,315.7593426155531,0.999953428168202
CO,PCA,68,26,8,0.1446450297970383,0.8299372201096475,32.346613694014714,273.0406108474241,0.999953428168202
CO,PCA,68,26,9,0.1501243985446813,0.8581495346320281,31.68627114574614,239.21568576394705,0.999953428168202
CO,PCA,68,26,10,0.1455460524082845,0.8074658597518898,29.65540623881319,220.933217963109,0.999953428168202
CO,PCA,68,27,2,0.7955031824805485,0.1246818544914449,39.90420893123385,1123.740843612473,0.9999752769172512
CO,PCA,68,27,3,0.697050008758804,0.1591014037239787,44.93092736401949,660.1546422266971,0.9999752769172512
CO,PCA,68,27,4,0.3425465522830387,0.6944226127765207,40.94104443291756,509.3148634123439,0.9999752769172512
CO,PCA,68,27,5,0.1845340990976341,0.9274245225630804,38.49132404141683,413.8304237312833,0.9999752769172512
CO,PCA,68,27,6,0.1538384254014433,0.9844269210991644,35.07022288129759,361.2927266469934,0.9999752769172512
CO,PCA,68,27,7,0.1613663313635165,0.8799146360673948,33.07563379421486,315.8109664022708,0.9999752769172512
CO,PCA,68,27,8,0.1425033526145523,0.8409779946131137,32.37986861648349,272.79796048142515,0.9999752769172512
CO,PCA,68,27,9,0.1500924809338589,0.8582627247655269,31.679604126591684,239.26624822615537,0.9999752769172512
CO,PCA,68,27,10,0.1455113338623817,0.8075822486917577,29.64864917139703,220.98377133712364,0.9999752769172512
CO,PCA,68,28,2,0.7954971794536764,0.1246866187810234,39.90289174730066,1123.7779380020925,0.9999907007802248
CO,PCA,68,28,3,0.6970400079663374,0.1591086916583572,44.928402817230925,660.1917366101327,0.9999907007802248
CO,PCA,68,28,4,0.34252728213177,0.6944407282297855,40.93810943541019,509.351500790374,0.9999907007802248
CO,PCA,68,28,5,0.1845126881892438,0.9274715961660732,38.48787773306098,413.86748591727326,0.9999907007802248
CO,PCA,68,28,6,0.1538225172645407,0.9844924069042958,35.066632805584725,361.3297312039477,0.9999907007802248
CO,PCA,68,28,7,0.1613488069431408,0.8799715314344948,33.07193018148552,315.8465599080644,0.9999907007802248
CO,PCA,68,28,8,0.1425005118621583,0.8410397883432692,32.37579787931444,272.83257746162457,0.9999907007802248
CO,PCA,68,28,9,0.1500700570835452,0.8583483459838661,31.675029013861117,239.3010598655247,0.9999907007802248
CO,PCA,68,28,10,0.1454852440977114,0.8076635694719444,29.64409627506296,221.01800109077803,0.9999907007802248
CO,PCA,68,29,2,0.7954953047168198,0.1246880301127734,39.90243283753722,1123.7908623436135,0.999996074726825
CO,PCA,68,29,3,0.6970369237029362,0.1591108598669737,44.92752328692222,660.2046609514623,0.999996074726825
CO,PCA,68,29,4,0.3425218230400361,0.6944534824330658,40.9370722594297,509.3644097756207,0.999996074726825
CO,PCA,68,29,5,0.1845057796579098,0.92748996823522,38.48670352105714,413.880164013544,0.999996074726825
CO,PCA,68,29,6,0.1538176575147176,0.9845133176848608,35.065412051528256,361.3423622580663,0.999996074726825
CO,PCA,68,29,7,0.1613430013430707,0.8799892395949344,33.0706279706772,315.8590608973393,0.999996074726825
CO,PCA,68,29,8,0.1424944337515477,0.8410621880303945,32.37432347828516,272.84505948586866,0.999996074726825
CO,PCA,68,29,9,0.1500609067351819,0.8583737515357568,31.673390588679453,239.31349290284837,0.999996074726825
CO,PCA,68,29,10,0.1454757844953449,0.807686899024396,29.642494574918715,221.03003379826748,0.999996074726825
CO,PCA,68,30,2,0.7954943759578508,0.1246887528925613,39.90221795758264,1123.7969141408066,0.999998591066628
CO,PCA,68,30,3,0.6970353743387138,0.159111944815591,44.92711146173679,660.2107127347755,0.999998591066628
CO,PCA,68,30,4,0.3425185677768213,0.6944574993764246,40.93658593792743,509.3704610904846,0.999998591066628
CO,PCA,68,30,5,0.184502303515602,0.927498527849212,38.48614701028335,413.8861602762175,0.999998591066628
CO,PCA,68,30,6,0.1538136925677769,0.9845240213032992,35.06483264984899,361.34834516162937,0.999998591066628
CO,PCA,68,30,7,0.1613392314311193,0.8799991820954552,33.07000053746899,315.86506140815686,0.999998591066628
CO,PCA,68,30,8,0.1424913952510186,0.8410724914310777,32.373641054662784,272.85084502543674,0.999998591066628
CO,PCA,68,30,9,0.1500568597468591,0.8583865637695713,31.67261513971855,239.3193712456692,0.999998591066628
CO,PCA,68,30,10,0.1454716213829342,0.8076994712364698,29.641719414296222,221.0358389204752,0.999998591066628
CO,PCA,68,31,2,0.7954940458231791,0.1246890035164408,39.90214305842901,1123.7990235874254,0.9999994681754452
CO,PCA,68,31,3,0.6970348194445082,0.1591123173425077,44.926967915486806,660.2128221770813,0.9999994681754452
CO,PCA,68,31,4,0.3425173823658489,0.6944584417237727,40.93641806598773,509.3725542829905,0.9999994681754452
CO,PCA,68,31,5,0.1845013796147983,0.9275015816660104,38.485952769681816,413.8882527162898,0.9999994681754452
CO,PCA,68,31,6,0.1538129818631864,0.9845272300911108,35.06464239293492,361.3503281568978,0.9999994681754452
CO,PCA,68,31,7,0.1613380824869464,0.8800025888044402,33.069784565417244,315.8671303785968,0.9999994681754452
CO,PCA,68,31,8,0.1424901337156654,0.8410756725362942,32.3733959741115,272.85291559854903,0.9999994681754452
CO,PCA,68,31,9,0.1500554784975369,0.8583901350913288,31.67235653715453,239.32134073743237,0.9999994681754452
CO,PCA,68,31,10,0.1454702344151495,0.8077031818009626,29.6414580541422,221.037802628742,0.9999994681754452
CO,PCA,68,32,2,0.7954938951406814,0.1246890953371645,39.90210938800672,1123.7999718778356,0.9999998624749922
CO,PCA,68,32,3,0.697034566052432,0.1591124971815522,44.92690338535619,660.2137704653601,0.9999998624749922
CO,PCA,68,32,4,0.342516867586711,0.6944588779738895,40.93634263344551,509.3734949433978,0.9999998624749922
CO,PCA,68,32,5,0.1845009816864286,0.9275029380442684,38.48586505165275,413.8891969126603,0.9999998624749922
CO,PCA,68,32,6,0.1538125680572179,0.9845288737109088,35.06455278596668,361.35125531847706,0.9999998624749922
CO,PCA,68,32,7,0.1613376088459044,0.8800041913460737,33.06968584798535,315.86807399142623,0.9999998624749922
CO,PCA,68,32,8,0.1424896719645925,0.8410771956491583,32.37328665181001,272.85384005378694,0.9999998624749922
CO,PCA,68,32,9,0.1500548029607184,0.8583920195880567,31.672236812357845,239.322249741755,0.9999998624749922
CO,PCA,68,32,10,0.1454694713601096,0.8077050989793471,29.641337663531672,221.0387050349957,0.9999998624749922
CO,PCA,68,33,2,0.7954938602719756,0.1246891216114037,39.90210136914575,1123.8001977204713,0.999999956380454
CO,PCA,68,33,3,0.6970345081050928,0.1591125375587866,44.92688801701643,660.2139963077169,0.999999956380454
CO,PCA,68,33,4,0.3425167370144558,0.6944589671322121,40.93632451448544,509.37372048086365,0.999999956380454
CO,PCA,68,33,5,0.1845008898229002,0.9275032384998428,38.48584409890762,413.8894223330253,0.999999956380454
CO,PCA,68,33,6,0.1538125087222857,0.9845291918560356,35.0645318822718,361.3514723038716,0.999999956380454
CO,PCA,68,33,7,0.1613375137669867,0.8800045171976756,33.069663023936975,315.8682930267609,0.999999956380454
CO,PCA,68,33,8,0.1424896886707067,0.8410774157937071,32.373264001906406,272.85403491969095,0.999999956380454
CO,PCA,68,33,9,0.1500547149655411,0.8583923977234545,31.672209649578782,239.32245703912676,0.999999956380454
CO,PCA,68,33,10,0.1454693607330942,0.8077054952992724,29.64131027670681,221.0389112484152,0.999999956380454
CO,PCA,68,34,2,0.7954938435162905,0.1246891343328815,39.90209772974393,1123.8003002203577,0.9999999989999494
CO,PCA,68,34,3,0.6970344804197799,0.1591125573737917,44.92688104200548,660.2140988075978,0.9999999989999494
CO,PCA,68,34,4,0.3425166728234078,0.6944590072972479,40.93631627755977,509.3738229750835,0.9999999989999494
CO,PCA,68,34,5,0.1845008236550621,0.9275033668251768,38.48583468960599,413.8895237490704,0.9999999989999494
CO,PCA,68,34,6,0.1538124441256452,0.9845293845453869,35.06452210302907,361.3515733408601,0.9999999989999494
CO,PCA,68,34,7,0.1613374395768625,0.8800047064872246,33.06965233775116,315.86839515342774,0.9999999989999494
CO,PCA,68,34,8,0.142489648745564,0.8410776172695743,32.373252340418254,272.8541336850448,0.9999999989999494
CO,PCA,68,34,9,0.1500546570006298,0.8583926553973442,31.672196559045805,239.32255631095103,0.9999999989999494
CO,PCA,68,34,10,0.145469297072948,0.8077057557756536,29.641297082702465,221.0390100155692,0.9999999989999494
CO,PCA,68,35,2,0.795493843142769,0.1246891346170073,39.90209764607754,1123.800302576733,0.9999999999797312
CO,PCA,68,35,3,0.6970344797906268,0.1591125577955491,44.9268808816566,660.214101163973,0.9999999999797312
CO,PCA,68,35,4,0.3425166713724214,0.6944590082506887,40.93631608830726,509.3738253302833,0.9999999999797312
CO,PCA,68,35,5,0.1845008225057656,0.9275033699960716,38.485834472063736,413.8895260914928,0.9999999999797312
CO,PCA,68,35,6,0.1538124431233885,0.9845293883406776,35.06452189155687,361.3515755467584,0.9999999999797312
CO,PCA,68,35,7,0.1613374383967904,0.8800047102608124,33.06965209505065,315.86839747662464,0.9999999999797312
CO,PCA,68,35,8,0.1424896472804345,0.8410776214684899,32.37325207012648,272.8541359720452,0.9999999999797312
CO,PCA,68,35,9,0.1500546559209738,0.8583926596274678,31.67219627627233,239.32255846951355,0.9999999999797312
CO,PCA,68,35,10,0.145469295896393,0.8077057601919252,29.641296796654757,221.0390121691854,0.9999999999797312
CO,PCA,68,36,2,0.7954938431353851,0.1246891346222823,39.90209764434673,1123.8003026254792,1.0
CO,PCA,68,36,3,0.6970344797783186,0.1591125578035705,44.92688087833945,660.2141012127196,1.0
CO,PCA,68,36,4,0.3425166713452602,0.6944590082686523,40.93631608439725,509.3738253789558,1.0
CO,PCA,68,36,5,0.1845008224840485,0.92750337006064,38.48583446754503,413.8895261401144,1.0
CO,PCA,68,36,6,0.1538124431034157,0.9845293884169284,35.064521886828985,361.35157559548446,1.0
CO,PCA,68,36,7,0.1613374383688778,0.8800047103337387,33.06965208997899,315.8683975251071,1.0
CO,PCA,68,36,8,0.1424896472593457,0.8410776215440864,32.37325206452859,272.8541360194039,1.0
CO,PCA,68,36,9,0.15005465588442,0.8583926597277622,31.67219626993946,239.32255851745515,1.0
CO,PCA,68,36,10,0.1454692958561084,0.8077057602908623,29.641296790271515,221.03901221689145,1.0
CO,68 Fitur,68,0,2,0.7954938431353852,0.1246891346222824,39.90209764434675,1123.8003026254785,1.0
CO,68 Fitur,68,0,3,0.6970344797783175,0.1591125578035711,44.92688087833924,660.2141012127214,1.0
CO,68 Fitur,68,0,4,0.3425166713452608,0.6944590082686504,40.93631608439715,509.3738253789567,1.0
CO,68 Fitur,68,0,5,0.1845008224840491,0.9275033700606377,38.485834467544976,413.8895261401148,1.0
CO,68 Fitur,68,0,6,0.1538124431034158,0.9845293884169272,35.06452188682892,361.351575595485,1.0
CO,68 Fitur,68,0,7,0.1613374383688779,0.8800047103337374,33.06965208997891,315.8683975251075,1.0
CO,68 Fitur,68,0,8,0.1424896472593459,0.841077619266281,32.37325206452854,272.8541360194041,1.0
CO,68 Fitur,68,0,9,0.15005465588442,0.8583926576733855,31.6721962699394,239.32255851745535,1.0
CO,68 Fitur,68,0,10,0.1454692958561083,0.8077057584419229,29.641296790271447,221.0390122168917,1.0
SO2,PCA,68,1,2,0.925296479976482,0.0309625890867717,366.0022288716144,113.06773408272092,0.5304833670367862
SO2,PCA,68,1,3,0.7146211433087764,0.4003647040840068,521.7303304744872,40.878497558822815,0.5304833670367862
SO2,PCA,68,1,4,0.5984590430024319,0.3210295359439674,707.6596824737622,19.828361814164232,0.5304833670367862
SO2,PCA,68,1,5,0.5029089757913182,0.353255223565922,1173.5054906851988,8.77145568948686,0.5304833670367862
SO2,PCA,68,1,6,0.5412061164255426,0.3414113704240116,1612.4065525289725,4.962126440013893,0.5304833670367862
SO2,PCA,68,1,7,0.5274571087561557,0.3428634037016071,1917.1220702768208,3.369818187762819,0.5304833670367862
SO2,PCA,68,1,8,0.5256583396517593,0.3000531293413792,2917.304653924058,1.837042911311128,0.5304833670367862
SO2,PCA,68,1,9,0.5820001552759347,0.2950680037958522,4065.060609841552,1.114409191077526,0.5304833670367862
SO2,PCA,68,1,10,0.618073074161868,0.2531043659897082,5309.611917292647,0.7315273931945695,0.5304833670367862
SO2,PCA,68,2,2,0.8767020214465241,0.0654010634843758,65.22140156934772,660.5463274335748,0.7745510557725308
SO2,PCA,68,2,3,0.837207915039857,0.0636382600541507,166.38633882783208,175.3386470053721,0.7745510557725308
SO2,PCA,68,2,4,0.655890313074883,0.2080158420511029,260.5502015818061,76.6193150988834,0.7745510557725308
SO2,PCA,68,2,5,0.4758175089511739,0.3590211638032882,460.749500427981,32.28084384464744,0.7745510557725308
SO2,PCA,68,2,6,0.4717442832732337,0.3864599104700408,680.2734741736133,17.08298025489705,0.7745510557725308
SO2,PCA,68,2,7,0.449793006016473,0.3894482195485095,815.1127406171655,11.531668662854388,0.7745510557725308
SO2,PCA,68,2,8,0.447649132758393,0.4202229687231538,943.156611413999,8.271959017392346,0.7745510557725308
SO2,PCA,68,2,9,0.4167730299738553,0.4176547574459712,1075.4148859342238,6.135875924962824,0.7745510557725308
SO2,PCA,68,2,10,0.4180513155483246,0.433645915854683,1197.1766188375757,4.727938326348525,0.7745510557725308
SO2,PCA,68,3,2,0.853800089650143,0.0820610598327308,53.067344805079,811.9819767658389,0.8366572683204263
SO2,PCA,68,3,3,0.8075195780290362,0.0840123153675936,99.94553241435376,297.0014255353551,0.8366572683204263
SO2,PCA,68,3,4,0.5009082609794747,0.4050140895064494,150.88434360737497,138.82928417173633,0.8366572683204263
SO2,PCA,68,3,5,0.4299403759880229,0.4181935359151717,219.2520395948137,71.92426709591061,0.8366572683204263
SO2,PCA,68,3,6,0.4115225012069294,0.4854208166301814,271.9931844143121,45.53427767091938,0.8366572683204263
SO2,PCA,68,3,7,0.413032150843937,0.4374817932161924,278.2210419379908,36.06930182973138,0.8366572683204263
SO2,PCA,68,3,8,0.3985383588969841,0.4475377625620228,294.5063002490955,28.34209255786409,0.8366572683204263
SO2,PCA,68,3,9,0.3941672696861727,0.4228895389200906,340.2746796739824,20.801152892110085,0.8366572683204263
SO2,PCA,68,3,10,0.3912387248232861,0.3636906239429189,376.68120960895845,16.143414508261245,0.8366572683204263
SO2,PCA,68,4,2,0.8387321060018532,0.0917870748537714,46.086733515437,935.2186860938834,0.8872566792787168
SO2,PCA,68,4,3,0.7849924951619071,0.0982275719389694,71.28037999499986,417.2339741363012,0.8872566792787168
SO2,PCA,68,4,4,0.5906821116357606,0.5884678482818783,82.49838017558005,254.90804090967248,0.8872566792787168
SO2,PCA,68,4,5,0.4840120841423908,0.3877878613936995,105.57964218538204,152.61050442558843,0.8872566792787168
SO2,PCA,68,4,6,0.3943266577629499,0.421028168391053,162.78071191465406,79.49677140510687,0.8872566792787168
SO2,PCA,68,4,7,0.3334883548198931,0.5189528874382928,187.56904574432423,56.25724535383915,0.8872566792787168
SO2,PCA,68,4,8,0.3353955101735939,0.4650711466737118,198.2244793733247,44.35621492992681,0.8872566792787168
SO2,PCA,68,4,9,0.2926473887304878,0.4688901320870806,203.25357975815595,36.678362941360575,0.8872566792787168
SO2,PCA,68,4,10,0.3034438861773674,0.5746778952847512,218.8484961617888,29.299465828497432,0.8872566792787168
SO2,PCA,68,5,2,0.8270737755131194,0.0992194449496487,43.0819663013867,1000.4916710782682,0.9140090902767224
SO2,PCA,68,5,3,0.7670996314749109,0.1092500159387425,61.72456369577697,481.9864549567935,0.9140090902767224
SO2,PCA,68,5,4,0.5259432638395386,0.3932998052135051,65.99930032505502,318.86149717420506,0.9140090902767224
SO2,PCA,68,5,5,0.54623863588464,0.345723496285206,76.6900722402139,210.84031593454384,0.9140090902767224
SO2,PCA,68,5,6,0.3220600606899093,0.5285190754148594,95.84006198328156,135.61794222246743,0.9140090902767224
SO2,PCA,68,5,7,0.2799661597186977,0.5796627221976622,95.83592554071804,110.6753464346622,0.9140090902767224
SO2,PCA,68,5,8,0.2757190783663014,0.5232368853209206,99.8587672796766,88.91110542691591,0.9140090902767224
SO2,PCA,68,5,9,0.288460995989248,0.5532945190306026,108.04386743520458,70.03554632112001,0.9140090902767224
SO2,PCA,68,5,10,0.2593931750466136,0.5092542463068953,123.9842126921291,52.7312053475629,0.9140090902767224
SO2,PCA,68,6,2,0.8180892600845244,0.1056828004947602,41.39425864387515,1041.2867567674707,0.9307163895979425
SO2,PCA,68,6,3,0.7530420056042939,0.1187806365058566,56.90830568193327,522.7796773484129,0.9307163895979425
SO2,PCA,68,6,4,0.4889711459755643,0.4151852790901301,58.67976101320658,358.7972073073187,0.9307163895979425
SO2,PCA,68,6,5,0.5078567302561647,0.3641365586507796,64.67103897793196,250.20249666042164,0.9307163895979425
SO2,PCA,68,6,6,0.2639436351978707,0.6113956309008973,74.33792566465168,174.966244893658,0.9307163895979425
SO2,PCA,68,6,7,0.225459682940447,0.6598579351149105,72.79149035248184,146.08342204910994,0.9307163895979425
SO2,PCA,68,6,8,0.1661428439840533,0.7226895205077796,68.40539724720583,129.78843989067582,0.9307163895979425
SO2,PCA,68,6,9,0.2287084226508001,0.545098887742467,73.7734289292476,102.9439626547068,0.9307163895979425
SO2,PCA,68,6,10,0.1806552495830153,0.6233091789102645,75.88613023216509,86.43380338378378,0.9307163895979425
SO2,PCA,68,7,2,0.8112525385263197,0.1107901280306004,39.95578695206323,1078.783339557159,0.9460752798324764
SO2,PCA,68,7,3,0.7423559607053041,0.1262514356787426,53.10544194115097,560.2328161618973,0.9460752798324764
SO2,PCA,68,7,4,0.4658452423761044,0.4561523920759219,53.22819721359131,395.6747233983118,0.9460752798324764
SO2,PCA,68,7,5,0.4830622242900575,0.4024675527085287,56.61598973752847,286.0364244497944,0.9460752798324764
SO2,PCA,68,7,6,0.2360646275326732,0.6696044547334435,62.67663917636891,207.96540507873772,0.9460752798324764
SO2,PCA,68,7,7,0.1904139454909358,0.737276989127128,59.06832929243947,180.3009270622216,0.9460752798324764
SO2,PCA,68,7,8,0.1556246021712682,0.7601528404587788,55.797095467234655,159.68161527779182,0.9460752798324764
SO2,PCA,68,7,9,0.1674733310064813,0.781891779787685,56.601807643665055,134.54013670719394,0.9460752798324764
SO2,PCA,68,7,10,0.1422839234701063,0.7462256175078883,57.59516283490208,114.38120100340046,0.9460752798324764
SO2,PCA,68,8,2,0.8053261923055262,0.115569218987176,38.79224739610039,1111.1445244712258,0.9593290235474796
SO2,PCA,68,8,3,0.7331738479699397,0.1334909626376626,50.22432676420858,592.4281729624383,0.9593290235474796
SO2,PCA,68,8,4,0.4449719497071269,0.4825679794126423,49.23865528507932,427.7900313109296,0.9593290235474796
SO2,PCA,68,8,5,0.4613268499339295,0.4264301277068655,51.02176125462132,317.5346076707617,0.9593290235474796
SO2,PCA,68,8,6,0.2103560646878017,0.7218406601405136,54.52241565946179,239.1970904051973,0.9593290235474796
SO2,PCA,68,8,7,0.1817795191949174,0.7925200356685921,51.27346411202684,208.15152509886647,0.9593290235474796
SO2,PCA,68,8,8,0.1383887239716963,0.8108951748087343,48.09687112728508,185.78570382368596,0.9593290235474796
SO2,PCA,68,8,9,0.1744674800912365,0.6494677354908527,48.34030247995474,158.16622920807197,0.9593290235474796
SO2,PCA,68,8,10,0.1779379333139753,0.7201686368216372,49.99828487225198,132.60890316449587,0.9593290235474796
SO2,PCA,68,9,2,0.8004628935290051,0.119417555310531,37.82282965242901,1139.6253825760464,0.9709926886968496
SO2,PCA,68,9,3,0.7256269945073519,0.1390565849470741,47.92108780269852,620.9044217044907,0.9709926886968496
SO2,PCA,68,9,4,0.4267010420216919,0.493049906361845,46.20790810978187,455.9300709566569,0.9709926886968496
SO2,PCA,68,9,5,0.4426175905657172,0.4349954533380264,47.02236886488276,344.75638831479927,0.9709926886968496
SO2,PCA,68,9,6,0.1975951742102622,0.7583601001583533,49.201875765150746,265.3559559294422,0.9709926886968496
SO2,PCA,68,9,7,0.1620924269305808,0.84668027075314,45.45281554534001,234.9882875879177,0.9709926886968496
SO2,PCA,68,9,8,0.1426684945764313,0.8382437114916268,43.66809951753184,205.46324534107023,0.9709926886968496
SO2,PCA,68,9,9,0.1533639098492016,0.8128849286760491,42.39888841850978,180.81210234592908,0.9709926886968496
SO2,PCA,68,9,10,0.1352786722914013,0.9073190883285212,40.629913968973455,163.04163337227143,0.9709926886968496
SO2,PCA,68,10,2,0.7984115395676522,0.1209124989727916,37.362264233352,1153.6735937762203,0.976745447898394
SO2,PCA,68,10,3,0.7224824785682146,0.1412054939531373,46.86672278968523,634.8941788915882,0.976745447898394
SO2,PCA,68,10,4,0.4198998035998941,0.5014546285286752,44.83583796363304,469.90136045841246,0.976745447898394
SO2,PCA,68,10,5,0.43557955041589,0.4425527098678331,45.24397263393549,358.3823318619379,0.976745447898394
SO2,PCA,68,10,6,0.1906385303226702,0.7751765090599991,46.81538063474578,278.9438951923456,0.976745447898394
SO2,PCA,68,10,7,0.1618773949345265,0.8590272610482393,42.59118733398948,250.59391427122105,0.976745447898394
SO2,PCA,68,10,8,0.1347894313326093,0.8607676821577681,41.22077548356904,217.8307509607955,0.976745447898394
SO2,PCA,68,10,9,0.1447970833498439,0.8370780938721374,39.84579782332375,192.59637063815904,0.976745447898394
SO2,PCA,68,10,10,0.1227685001459001,0.8522315251346946,37.6672803272625,175.9556354327102,0.976745447898394
SO2,PCA,68,11,2,0.7961036467984318,0.1228488054449146,36.94262935224,1166.77828816615,0.982111827796636
SO2,PCA,68,11,3,0.7188954758868941,0.1440157327069183,45.92018613600014,647.9858519652714,0.982111827796636
SO2,PCA,68,11,4,0.4110551790776455,0.5072273985035354,43.62112158405503,482.990593257508,0.982111827796636
SO2,PCA,68,11,5,0.4264024525629646,0.4487314404254867,43.65227190063483,371.4558133037176,0.982111827796636
SO2,PCA,68,11,6,0.1535932596216363,0.8240362297313665,44.28501301395799,294.53425937438243,0.982111827796636
SO2,PCA,68,11,7,0.1463091180580496,0.8929725152065809,40.94145783172496,261.0188266406319,0.982111827796636
SO2,PCA,68,11,8,0.1260985237745383,0.8895229040750325,38.9204500116738,230.72740383069856,0.982111827796636
SO2,PCA,68,11,9,0.1307050443964946,0.8963595404394119,38.05200028372105,202.0145777546701,0.982111827796636
SO2,PCA,68,11,10,0.1356498595866637,0.7585093235333619,36.04002117405713,184.29680707292584,0.982111827796636
SO2,PCA,68,12,2,0.7946780019738596,0.1239021135386303,36.646396481756085,1176.2100470840223,0.9859741591108804
SO2,PCA,68,12,3,0.7166908013799721,0.1455553281752526,45.26206887491409,657.4103941769397,0.9859741591108804
SO2,PCA,68,12,4,0.4079827469568205,0.5141428101383969,42.85403765906013,491.7966973936019,0.9859741591108804
SO2,PCA,68,12,5,0.4229669295132499,0.4551571116877902,42.65456834221001,380.2616783201227,0.9859741591108804
SO2,PCA,68,12,6,0.1556580071217085,0.8397335665811226,43.10520071147051,302.76812472501405,0.9859741591108804
SO2,PCA,68,12,7,0.1158419189484342,0.9961591836573516,39.74505866679619,269.0519320221025,0.9859741591108804
SO2,PCA,68,12,8,0.1217553720593664,0.9015070070169344,37.7358457670919,238.1869308541486,0.9859741591108804
SO2,PCA,68,12,9,0.1157808205557616,0.937387910150826,35.75828670805983,214.65840322039773,0.9859741591108804
SO2,PCA,68,12,10,0.1103801474760425,0.8822141891762346,34.51717484382307,192.53173299203135,0.9859741591108804
SO2,PCA,68,13,2,0.7936273128184258,0.124671383558095,36.43103447226926,1183.163501576449,0.9888217253707524
SO2,PCA,68,13,3,0.715071193405721,0.1466773321396405,44.78836936488069,664.3636258569624,0.9888217253707524
SO2,PCA,68,13,4,0.404524637690404,0.5182438707977284,42.25884047347493,498.72901758231006,0.9888217253707524
SO2,PCA,68,13,5,0.419293735027942,0.4590993753573742,41.894217604745045,387.17154320114753,0.9888217253707524
SO2,PCA,68,13,6,0.1471673756165974,0.8437849291433662,42.13429304897719,309.7419142064008,0.9888217253707524
SO2,PCA,68,13,7,0.139046730985022,0.9170887523853012,38.75976165063659,275.90445677396053,0.9888217253707524
SO2,PCA,68,13,8,0.1126077986230863,0.9548418774447004,37.084735117263776,242.64740158027533,0.9888217253707524
SO2,PCA,68,13,9,0.1126129853931245,0.94966456474324,34.79436381826872,220.69721087028373,0.9888217253707524
SO2,PCA,68,13,10,0.1089503828937316,0.8906868872822582,33.682385175657735,197.48192287325105,0.9888217253707524
SO2,PCA,68,14,2,0.7926902480335667,0.1253520559258321,36.24407097074172,1189.2671803742237,0.991321345521881
SO2,PCA,68,14,3,0.7136202953050119,0.1476548280617542,44.38117402492314,670.4615053678401,0.991321345521881
SO2,PCA,68,14,4,0.4017760943640885,0.5216281847559542,41.77091977505653,504.61265592712925,0.991321345521881
SO2,PCA,68,14,5,0.4163673561429384,0.462368020474129,41.273540174502,393.03962608591246,0.991321345521881
SO2,PCA,68,14,6,0.1450415007383634,0.8499214807573798,41.4348429167768,315.0845217640754,0.991321345521881
SO2,PCA,68,14,7,0.1369485085889116,0.9245933591619008,38.04382347198799,281.20256641929603,0.991321345521881
SO2,PCA,68,14,8,0.1484675870119164,0.6908207767078258,35.63658360876648,252.1165769506311,0.991321345521881
SO2,PCA,68,14,9,0.1274796929377163,0.8915583148536468,33.88897164079965,226.6129066499861,0.991321345521881
SO2,PCA,68,14,10,0.0976493813231701,0.9733014454238058,32.22285763097641,206.1848659010116,0.991321345521881
SO2,PCA,68,15,2,0.7919280682826895,0.125907779020765,36.10023252827722,1194.006129863664,0.993262120902012
SO2,PCA,68,15,3,0.7124412765418441,0.148463907390782,44.07036132019015,675.1930526648748,0.993262120902012
SO2,PCA,68,15,4,0.3999171323379245,0.5250904896591813,41.39796838240178,509.199266982092,0.993262120902012
SO2,PCA,68,15,5,0.4143315041789442,0.4656117216301757,40.8014058168611,397.6190535731942,0.993262120902012
SO2,PCA,68,15,6,0.1425654713153701,0.8572962662871202,40.84580271688011,319.65414440487405,0.993262120902012
SO2,PCA,68,15,7,0.1339627282096129,0.9342803509213634,37.44610893293996,285.72066559443635,0.993262120902012
SO2,PCA,68,15,8,0.102346487880166,0.9796643960154592,35.139696344493224,255.8054426327654,0.993262120902012
SO2,PCA,68,15,9,0.1037245818872863,0.863691772622412,34.166331322285586,225.38460872951163,0.993262120902012
SO2,PCA,68,15,10,0.0945069700805705,0.9826502707814492,31.599767110544395,210.3088808222224,0.993262120902012
SO2,PCA,68,16,2,0.7912530101640324,0.1264201306793958,35.9654500560643,1198.480757968217,0.9950944936556412
SO2,PCA,68,16,3,0.7114005948161244,0.1492163935415675,43.78027201286756,679.6671262161282,0.9950944936556412
SO2,PCA,68,16,4,0.3980233857873623,0.5265802689876288,41.06449086056618,513.4061208850384,0.9950944936556412
SO2,PCA,68,16,5,0.412347695919284,0.4672799695371085,40.38034890297613,401.8194673842199,0.9950944936556412
SO2,PCA,68,16,6,0.1405949617673601,0.8622912427865752,40.32585398911035,323.82272177680335,0.9950944936556412
SO2,PCA,68,16,7,0.1322700340329382,0.9397738045469902,36.96731843675726,289.5134647653267,0.9950944936556412
SO2,PCA,68,16,8,0.0991391487855172,0.9999995851026724,35.08723913824209,256.6200389573909,0.9950944936556412
SO2,PCA,68,16,9,0.1139796755938538,0.9487110969866356,33.675254153329966,228.78317394133865,0.9950944936556412
SO2,PCA,68,16,10,0.1022902886786702,0.9317727458964477,30.88228622577241,215.1585112038889,0.9950944936556412
SO2,PCA,68,17,2,0.7907381328807904,0.1268075398741758,35.86683109244781,1201.7761384878845,0.9964439758646912
SO2,PCA,68,17,3,0.7106021826672143,0.1497747642192647,43.5691129601059,682.9615490867911,0.9964439758646912
SO2,PCA,68,17,4,0.396521380529421,0.5296331089475639,40.8027860338936,516.6995856586651,0.9964439758646912
SO2,PCA,68,17,5,0.4107211518479641,0.4700446942616317,40.05210742391535,405.1129192057907,0.9964439758646912
SO2,PCA,68,17,6,0.1389882369515618,0.867607687090719,39.92122958475463,327.10663848321644,0.9964439758646912
SO2,PCA,68,17,7,0.1304277202298204,0.946221366639442,36.556655807186736,292.77093425799194,0.9964439758646912
SO2,PCA,68,17,8,0.103304140993598,0.9860938235344876,34.77122485808924,259.0548417521066,0.9964439758646912
SO2,PCA,68,17,9,0.1115645007569845,0.9555982614859644,33.21422261451552,231.9702299334085,0.9964439758646912
SO2,PCA,68,17,10,0.0900072874548396,0.958944891181049,30.224825899106964,219.7136740265337,0.9964439758646912
SO2,PCA,68,18,2,0.7903731503521094,0.1270908047481844,35.797059287463895,1204.1185877047965,0.9974032414048652
SO2,PCA,68,18,3,0.7100324230378883,0.1501749545193483,43.42020440829882,685.3038411434823,0.9974032414048652
SO2,PCA,68,18,4,0.3955585237920669,0.5308354543738297,40.62464270909624,518.9817200593758,0.9974032414048652
SO2,PCA,68,18,5,0.409678656138931,0.4712301448008066,39.829298837642966,407.39191662057146,0.9974032414048652
SO2,PCA,68,18,6,0.1381537384669779,0.8710009616784801,39.65119602386795,329.3498391689783,0.9974032414048652
SO2,PCA,68,18,7,0.1293860774890901,0.9497231853405268,36.28062026989593,295.0123689501455,0.9974032414048652
SO2,PCA,68,18,8,0.1023365274386857,0.9903948134980244,34.478000811963526,261.2729659946915,0.9974032414048652
SO2,PCA,68,18,9,0.111069717151307,0.9579040001224692,32.94096100821435,233.93470612275448,0.9974032414048652
SO2,PCA,68,18,10,0.1062231799544583,1.0410524421982348,30.049925776321416,221.08903348179723,0.9974032414048652
SO2,PCA,68,19,2,0.7901215098420047,0.1272832865805607,35.74813660828556,1205.7664705501088,0.9980780504992331
SO2,PCA,68,19,3,0.7096418611398292,0.1504488752441961,43.31606016236447,686.9515693977461,0.9980780504992331
SO2,PCA,68,19,4,0.3946989084383374,0.5315285839533694,40.4960891886063,520.6292946696674,0.9980780504992331
SO2,PCA,68,19,5,0.4087847533333015,0.4719405506481012,39.67089319208061,409.0221829070367,0.9980780504992331
SO2,PCA,68,19,6,0.1374655606870736,0.8734853696045061,39.45649827698175,330.9780970083096,0.9980780504992331
SO2,PCA,68,19,7,0.1283820248177329,0.9530719868091164,36.08373578969013,296.626700623798,0.9980780504992331
SO2,PCA,68,19,8,0.1014354659658825,0.9938667244274748,34.26531353420079,262.89752613376885,0.9980780504992331
SO2,PCA,68,19,9,0.1101213500652949,0.9606896917908768,32.724947627922944,235.48890077735808,0.9980780504992331
SO2,PCA,68,19,10,0.093852844379371,1.0617959701667137,29.347265446855538,226.0444491040638,0.9980780504992331
SO2,PCA,68,20,2,0.7899364247672632,0.1274281083412849,35.71453490446419,1206.9009054351498,0.9985426021249958
SO2,PCA,68,20,3,0.7093536986044281,0.1506558255483079,43.24465225433249,688.0859301770793,0.9985426021249958
SO2,PCA,68,20,4,0.3940441830939586,0.5318932052285151,40.40914811801626,521.7524965927531,0.9985426021249958
SO2,PCA,68,20,5,0.4081026061087007,0.4723583957169707,39.56247994491508,410.14531407333527,0.9985426021249958
SO2,PCA,68,20,6,0.1370344515277186,0.8751296960066687,39.323282774969336,332.1011467460776,0.9985426021249958
SO2,PCA,68,20,7,0.1279103583014073,0.9548715770737088,35.9488540809944,297.7422798652859,0.9985426021249958
SO2,PCA,68,20,8,0.1009615947508983,0.9962407734286683,34.12045731721921,264.0156243468108,0.9985426021249958
SO2,PCA,68,20,9,0.122200939392589,0.7969305412268937,32.57910462671542,236.5508708894837,0.9985426021249958
SO2,PCA,68,20,10,0.1043533561263305,1.0483915066053204,29.69567283740235,223.7397939338113,0.9985426021249958
SO2,PCA,68,21,2,0.7897764433635012,0.1275507457006061,35.685178339194486,1207.8937688996796,0.998949180642046
SO2,PCA,68,21,3,0.7091061618056681,0.1508336154747858,43.18234313871413,689.0787915915622,0.998949180642046
SO2,PCA,68,21,4,0.3934853300136618,0.5322082254811225,40.33352047723585,522.7339298169937,0.998949180642046
SO2,PCA,68,21,5,0.407520157945224,0.4727159400884429,39.46830921823901,411.1263180514645,0.998949180642046
SO2,PCA,68,21,6,0.1366965642087189,0.8765567060599326,39.20805417860527,333.07946020111484,0.998949180642046
SO2,PCA,68,21,7,0.1276848417659587,0.9561465331219738,35.84037201014091,298.6547108976076,0.998949180642046
SO2,PCA,68,21,8,0.1005687158306834,0.9981192065849884,34.00019704019992,264.9558712584399,0.998949180642046
SO2,PCA,68,21,9,0.1218501912648731,0.7980963068480036,32.458463572722515,237.4411417684809,0.998949180642046
SO2,PCA,68,21,10,0.099459830075669,1.0492553611640796,29.774247252605853,223.2942725115297,0.998949180642046
SO2,PCA,68,22,2,0.7896520680947656,0.1276443065768112,35.661659905996295,1208.6903622510258,0.9992753867911256
SO2,PCA,68,22,3,0.7089128091944622,0.1509686825198877,43.1324821690947,689.8753703629347,0.9992753867911256
SO2,PCA,68,22,4,0.3930995568409804,0.5327630252345944,40.27251021421532,523.5268436796977,0.9992753867911256
SO2,PCA,68,22,5,0.4071093223633134,0.4732400275766129,39.39261061950814,411.9174635278623,0.9992753867911256
SO2,PCA,68,22,6,0.1364766132843622,0.8774850643425762,39.12165346148956,333.8234135484055,0.9992753867911256
SO2,PCA,68,22,7,0.1273859895142441,0.957263864729048,35.75233274791833,299.39764548430384,0.9992753867911256
SO2,PCA,68,22,8,0.1001362756602208,0.9996393624133768,33.90079282882434,265.7349213880463,0.9992753867911256
SO2,PCA,68,22,9,0.121527479495876,0.7992467128149482,32.360649072958765,238.1665405310264,0.9992753867911256
SO2,PCA,68,22,10,0.0916127714893257,0.8824654850773215,28.864455641338846,229.74475277507645,0.9992753867911256
SO2,PCA,68,23,2,0.7895753716334121,0.1277000620776233,35.646809534698086,1209.1939003473783,0.999481586151398
SO2,PCA,68,23,3,0.7087940678017973,0.15104810754013,43.10102388396136,690.378896832103,0.999481586151398
SO2,PCA,68,23,4,0.3928263139003002,0.5329124406397686,40.23381871202896,524.030319077022,0.999481586151398
SO2,PCA,68,23,5,0.4068267283492663,0.473407332020091,39.34461349854849,412.42014295147504,0.999481586151398
SO2,PCA,68,23,6,0.1362964558200821,0.8781004515281089,39.06482998659617,334.31145132871745,0.999481586151398
SO2,PCA,68,23,7,0.12729831504046,0.9577968846623832,35.70134876825196,299.8345395479308,0.999481586151398
SO2,PCA,68,23,8,0.1000353282539891,1.0004193908932342,33.8439243842268,266.1876583779688,0.999481586151398
SO2,PCA,68,23,9,0.1214141119472018,0.7997827431608766,32.30186409678861,238.6068248776536,0.999481586151398
SO2,PCA,68,23,10,0.0929566847079834,1.1223455206582422,28.97874121236679,228.97092951593424,0.999481586151398
SO2,PCA,68,24,2,0.7895200987520292,0.1277428948416258,35.63686906112039,1209.5311904619075,0.9996197066338935
SO2,PCA,68,24,3,0.7087082159357979,0.1511103337489969,43.07997906817825,690.716161104311,0.9996197066338935
SO2,PCA,68,24,4,0.3926227275222978,0.5330301570036888,40.20801269261752,524.3668548666558,0.9996197066338935
SO2,PCA,68,24,5,0.4066158029706125,0.4735391922290108,39.31255012000418,412.7566689867109,0.9996197066338935
SO2,PCA,68,24,6,0.1361873133798177,0.8785535064295087,39.02559058404636,334.6477516571921,0.9996197066338935
SO2,PCA,68,24,7,0.1271807912593774,0.9583482223139044,35.661886169297816,300.1670057110045,0.9996197066338935
SO2,PCA,68,24,8,0.0998979101981486,1.0011398074642228,33.8016325441985,266.52116954546386,0.9996197066338935
SO2,PCA,68,24,9,0.1212833262521701,0.8002999146837396,32.25760766981715,238.93515784087617,0.9996197066338935
SO2,PCA,68,24,10,0.0928431732360157,1.1232320557349151,28.93740232905303,229.29898603989065,0.9996197066338935
SO2,PCA,68,25,2,0.7894665689260839,0.1277866892598863,35.62767730955423,1209.8432430956673,0.9997474923190056
SO2,PCA,68,25,3,0.7086248083540043,0.1511734419119616,43.06052573910995,691.0282067195608,0.9997474923190056
SO2,PCA,68,25,4,0.3924266844521533,0.5331417383172201,40.18437529109456,524.6760751878433,0.9997474923190056
SO2,PCA,68,25,5,0.4064120814878671,0.4736678265415247,39.28317583530568,413.0658879169556,0.9997474923190056
SO2,PCA,68,25,6,0.1360699395980332,0.8790574207789685,38.98973952276658,334.9560562322086,0.9997474923190056
SO2,PCA,68,25,7,0.1270320208595799,0.9588925294487212,35.62540943666239,300.4749256803531,0.9997474923190056
SO2,PCA,68,25,8,0.0997850445702158,1.00184530515575,33.76272969944306,266.82880813321503,0.9997474923190056
SO2,PCA,68,25,9,0.1210968439812125,0.8008366817722284,32.21646733139749,239.2409567711914,0.9997474923190056
SO2,PCA,68,25,10,0.0927187589044073,1.12411568845164,28.898512025355057,229.60789277278224,0.9997474923190056
SO2,PCA,68,26,2,0.7894255845532954,0.1278176416097953,35.620263849678935,1210.0950423809122,0.9998506046113078
SO2,PCA,68,26,3,0.7085610114781739,0.1512180478922013,43.04484262474019,691.2799865134698,0.9998506046113078
SO2,PCA,68,26,4,0.3922859330259554,0.53326091847617,40.16510164799584,524.9278526962719,0.9998506046113078
SO2,PCA,68,26,5,0.4062644689846772,0.4737904937071424,39.259254571249535,413.3175943822349,0.9998506046113078
SO2,PCA,68,26,6,0.1359537793799179,0.8794406479116983,38.960562909147725,335.2070284090869,0.9998506046113078
SO2,PCA,68,26,7,0.1268992077743576,0.9593164681467152,35.596120833418794,300.72272009433647,0.9998506046113078
SO2,PCA,68,26,8,0.0997154323899461,1.002220933863888,33.733486246316524,267.06236204266867,0.9998506046113078
SO2,PCA,68,26,9,0.1209769289462137,0.8012349944823299,32.18407528853176,239.48282387912377,0.9998506046113078
SO2,PCA,68,26,10,0.0909523505990798,0.8849277275102045,28.69876169669098,231.07860172806303,0.9998506046113078
SO2,PCA,68,27,2,0.7894044075517533,0.1278342057580312,35.61646957684311,1210.2239556006343,0.9999033946629106
SO2,PCA,68,27,3,0.7085281495575206,0.1512420346780894,43.03681757328262,691.4088921413564,0.9999033946629106
SO2,PCA,68,27,4,0.392217859147121,0.5333201084524393,40.15546068850014,525.054502998018,0.9999033946629106
SO2,PCA,68,27,5,0.40619280546233,0.4738518387438411,39.24727249862827,413.4442410131029,0.9999033946629106
SO2,PCA,68,27,6,0.1359465475402337,0.8795528476858344,38.94725529803341,335.3235375354871,0.9999033946629106
SO2,PCA,68,27,7,0.1268895089816936,0.9594488372730238,35.58255860429138,300.8391010502506,0.9999033946629106
SO2,PCA,68,27,8,0.0996460571720814,1.0025040781883212,33.717714515260106,267.18771950432864,0.9999033946629106
SO2,PCA,68,27,9,0.1209377286216281,0.8013818474528386,32.1686844249503,239.5988092065944,0.9999033946629106
SO2,PCA,68,27,10,0.0920370056942875,1.0708660281349764,28.831634254429005,230.1261760784792,0.9999033946629106
SO2,PCA,68,28,2,0.789390333875039,0.1278450821735414,35.61395061733349,1210.3095542806204,0.999938447381054
SO2,PCA,68,28,3,0.7085063372535085,0.1512579830652405,43.0314901646636,691.4944904867945,0.999938447381054
SO2,PCA,68,28,4,0.3921662894822022,0.5333498529601786,40.1489451068322,525.1397955020973,0.999938447381054
SO2,PCA,68,28,5,0.4061392438856486,0.4738857518572487,39.239183596731344,413.529532491496,0.999938447381054
SO2,PCA,68,28,6,0.1359096093781253,0.8796681425581463,38.93736314088925,335.40878366050345,0.999938447381054
SO2,PCA,68,28,7,0.126853852683895,0.9596064589613666,35.5727884580043,300.92209351497,0.999938447381054
SO2,PCA,68,28,8,0.099626830058864,1.0026711149730012,33.7072833360161,267.2707233266692,0.999938447381054
SO2,PCA,68,28,9,0.120897057578697,0.8015376557757733,32.15758753671664,239.6817760305729,0.999938447381054
SO2,PCA,68,28,10,0.0919947876031764,1.0710787102935837,28.82107613923023,230.210601095366,0.999938447381054
SO2,PCA,68,29,2,0.7893811432323705,0.1278519518075333,35.612237120973575,1210.3677887870947,0.9999622944357416
SO2,PCA,68,29,3,0.7084920701357702,0.1512677998818903,43.02786655952032,691.5527249339091,0.9999622944357416
SO2,PCA,68,29,4,0.3921407058882087,0.5333869702761586,40.144562127979206,525.1973237334312,0.9999622944357416
SO2,PCA,68,29,5,0.4061118308720777,0.4739211315285201,39.23374164940723,413.58703972887145,0.9999622944357416
SO2,PCA,68,29,6,0.135884565332972,0.8797503416078225,38.93074761777755,335.4659499748932,0.9999622944357416
SO2,PCA,68,29,7,0.1268296818369079,0.9597124727718904,35.56626420650065,300.9776683627636,0.9999622944357416
SO2,PCA,68,29,8,0.099598021753308,1.002773325405472,33.700181563525355,267.3272556028602,0.9999622944357416
SO2,PCA,68,29,9,0.1208723123528492,0.8016272028087226,32.15073666125869,239.7335519809853,0.9999622944357416
SO2,PCA,68,29,10,0.091957141704268,1.0712029224950492,28.814572693556524,230.26315140545432,0.9999622944357416
SO2,PCA,68,30,2,0.7893749199895864,0.1278569206012297,35.61113743276755,1210.4051654993598,0.9999776002153632
SO2,PCA,68,30,3,0.708482395731101,0.1512749639923649,43.025541147614845,691.5901015078164,0.9999776002153632
SO2,PCA,68,30,4,0.3921181456022408,0.5334031139553271,40.14172419403014,525.2345070548217,0.9999776002153632
SO2,PCA,68,30,5,0.4060883299440842,0.4739383729774856,39.23021857550852,413.6242216744175,0.9999776002153632
SO2,PCA,68,30,6,0.1358731018871467,0.8797994763376686,38.92656488862628,335.50217916357684,0.9999776002153632
SO2,PCA,68,30,7,0.126818355341822,0.9597640882256788,35.56212795629401,301.01296736171344,0.9999776002153632
SO2,PCA,68,30,8,0.0995818819614079,1.0028504489070946,33.695565201565124,267.36396235947245,0.9999776002153632
SO2,PCA,68,30,9,0.1208645425824333,0.801670918563067,32.146266869734994,239.76728279216417,0.9999776002153632
SO2,PCA,68,30,10,0.0924545306388401,1.1253563181227375,28.83438716640048,230.12335248940423,0.9999776002153632
SO2,PCA,68,31,2,0.7893702938650732,0.1278606902119652,35.610327919098275,1210.4326810990656,0.999988867864729
SO2,PCA,68,31,3,0.7084752180122944,0.151280545366134,43.02382948739357,691.6176161211968,0.999988867864729
SO2,PCA,68,31,4,0.3921015582879667,0.5334170340013098,40.13962575165642,525.2619778452773,0.999988867864729
SO2,PCA,68,31,5,0.4060710594322173,0.4739531215405709,39.22761417048814,413.6516922511188,0.999988867864729
SO2,PCA,68,31,6,0.1358665415101735,0.879833067038367,38.92348521363809,335.5288578295179,0.999988867864729
SO2,PCA,68,31,7,0.1268127761302481,0.959800454222682,35.55922437160895,301.0379085349353,0.999988867864729
SO2,PCA,68,31,8,0.0995755305942665,1.002905653580341,33.69226911732121,267.3902672100456,0.999988867864729
SO2,PCA,68,31,9,0.1208586142849175,0.801708656595609,32.143006917747854,239.7919141155299,0.999988867864729
SO2,PCA,68,31,10,0.091926186173978,1.0713606064902323,28.807053284298437,230.3237077794139,0.999988867864729
SO2,PCA,68,32,2,0.7893675336555421,0.127862681590776,35.60980965746574,1210.4502976168092,0.9999960818362664
SO2,PCA,68,32,3,0.7084709465742636,0.1512834452647475,43.02273365221896,691.6352324419005,0.9999960818362664
SO2,PCA,68,32,4,0.3920932074756368,0.5334279063132877,40.13828880908033,525.2794994875946,0.9999960818362664
SO2,PCA,68,32,5,0.4060621693123371,0.4739635232358234,39.225954456957325,413.6692138759996,0.9999960818362664
SO2,PCA,68,32,6,0.1358588089131783,0.8798593225710518,38.921456266013735,335.5463659721853,0.9999960818362664
SO2,PCA,68,32,7,0.1268040857385574,0.9598291711252708,35.55718613364409,301.05520927873454,0.9999960818362664
SO2,PCA,68,32,8,0.0995693991284436,1.0029283917260658,33.69024496830523,267.4065022114454,0.9999960818362664
SO2,PCA,68,32,9,0.1208488716401816,0.8017372203554696,32.14072466200536,239.80899918586732,0.9999960818362664
SO2,PCA,68,32,10,0.0924438282844025,1.1254402704885582,28.8295313161688,230.16271344878487,0.9999960818362664
SO2,PCA,68,33,2,0.7893665361696833,0.12786342461884,35.60962890130121,1210.4564419199069,0.9999985979309012
SO2,PCA,68,33,3,0.7084694036979412,0.1512845257964263,43.02235145313082,691.6413767447962,0.9999985979309012
SO2,PCA,68,33,4,0.3920899794130626,0.5334317537034698,40.137821656848686,525.2856196705503,0.9999985979309012
SO2,PCA,68,33,5,0.4060587688096932,0.4739672439375975,39.22537478248382,413.6753323644155,0.9999985979309012
SO2,PCA,68,33,6,0.1358566048396316,0.8798668570591716,38.92078385970895,335.5522106882713,0.9999985979309012
SO2,PCA,68,33,7,0.1268025997433856,0.9598351327743572,35.556574673975966,301.0605056982562,0.9999985979309012
SO2,PCA,68,33,8,0.0995653417789079,1.0029400274581013,33.689485622069995,267.4125422574487,0.9999985979309012
SO2,PCA,68,33,9,0.1208468172479354,0.8017440784115616,32.14003113650007,239.814269066734,0.9999985979309012
SO2,PCA,68,33,10,0.0924385865229741,1.125454442235662,28.828829169923765,230.16836998089693,0.9999985979309012
SO2,PCA,68,34,2,0.7893661106814811,0.1278637576659749,35.60955586000398,1210.458924773361,0.9999996146604077
SO2,PCA,68,34,3,0.7084687439128093,0.1512850144721728,43.022197012177216,691.643859597306,0.9999996146604077
SO2,PCA,68,34,4,0.3920883801730002,0.5334326756599309,40.13763210669353,525.2881008053523,0.9999996146604077
SO2,PCA,68,34,5,0.406057112728746,0.4739682983204005,39.225139599771055,413.6778130794647,0.9999996146604077
SO2,PCA,68,34,6,0.1358556609244994,0.8798705461013391,38.92049761592002,335.5546805951535,0.9999996146604077
SO2,PCA,68,34,7,0.1268015774472659,0.959839403620715,35.556286228758985,301.06295300641466,0.9999996146604077
SO2,PCA,68,34,8,0.0995641252003128,1.0029448825887644,33.689179314816535,267.41497925310534,0.9999996146604077
SO2,PCA,68,34,9,0.1208455903842755,0.8017487047982464,32.13970108425304,239.81673376825495,0.9999996146604077
SO2,PCA,68,34,10,0.0924378472184341,1.1254585005836204,28.828545677839145,230.1706540774473,0.9999996146604077
SO2,PCA,68,35,2,0.7893660020736022,0.1278638446938315,35.6095354977827,1210.4596169371912,0.9999998981017796
SO2,PCA,68,35,3,0.7084685738421462,0.1512851361701981,43.02215395769281,691.6445517609847,0.9999998981017796
SO2,PCA,68,35,4,0.3920881748816706,0.5334333624891059,40.1375811831036,525.2887727839086,0.9999998981017796
SO2,PCA,68,35,5,0.4060568758293938,0.4739689093961921,39.22507627963921,413.6784849988517,0.9999998981017796
SO2,PCA,68,35,6,0.135855490375618,0.8798715584962921,38.92042357862774,335.5553263110711,0.9999998981017796
SO2,PCA,68,35,7,0.1268013245939637,0.9598404736827758,35.556210819033915,301.0635981330953,0.9999998981017796
SO2,PCA,68,35,8,0.0995640717343404,1.0029456523628633,33.689106601608934,267.41556902256383,0.9999998981017796
SO2,PCA,68,35,9,0.1208452989434748,0.8017498351074175,32.13961641764207,239.8173714587184,0.9999998981017796
SO2,PCA,68,35,10,0.0924375550654543,1.1254603467521571,28.8284672517322,230.17128646353308,0.9999998981017796
SO2,PCA,68,36,2,0.7893659610759114,0.1278638777119793,35.60952817749459,1210.459865772646,1.0000000000000002
SO2,PCA,68,36,3,0.7084685101001963,0.1512851838349966,43.02213847948568,691.6448005961768,1.0000000000000002
SO2,PCA,68,36,4,0.3920880355222513,0.5334335082378797,40.13756221719705,525.289021129102,1.0000000000000002
SO2,PCA,68,36,5,0.4060567292046597,0.4739690540167517,39.22505274336786,413.6787333232481,1.0000000000000002
SO2,PCA,68,36,6,0.1358554090957135,0.8798719090057188,38.92039509118656,335.5555723614971,1.0000000000000002
SO2,PCA,68,36,7,0.1268012326450075,0.9598408830270394,35.556181817198166,301.06384410236194,1.0000000000000002
SO2,PCA,68,36,8,0.0995640096155802,1.0029461050183408,33.689076605370985,267.4158083005991,1.0000000000000002
SO2,PCA,68,36,9,0.1208451973288973,0.8017502733292514,32.139583717015164,239.8176159369521,1.0000000000000002
SO2,PCA,68,36,10,0.0924375067761621,1.1254609184882036,28.82843760057997,230.1715243435796,1.0000000000000002
SO2,68 Fitur,68,0,2,0.7893659610759113,0.1278638966664296,35.60952817749455,1210.459865772647,1.0
SO2,68 Fitur,68,0,3,0.7084685101001957,0.1512851901326272,43.02213847948554,691.6448005961786,1.0
SO2,68 Fitur,68,0,4,0.392088035522252,0.5334335131306296,40.13756221719698,525.2890211291029,1.0
SO2,68 Fitur,68,0,5,0.4060567292046602,0.4739690579309518,39.225052743367776,413.6787333232488,1.0
SO2,68 Fitur,68,0,6,0.1358554090957141,0.8798719122675509,38.92039509118652,335.5555723614975,1.0
SO2,68 Fitur,68,0,7,0.126801232645008,0.959840885822895,35.55618181719815,301.06384410236205,1.0
SO2,68 Fitur,68,0,8,0.0995640096155804,1.0029461074647157,33.689076605370964,267.41580830059934,1.0
SO2,68 Fitur,68,0,9,0.1208451973288977,0.8017502754313844,32.13958371701516,239.8176159369523,1.0
SO2,68 Fitur,68,0,10,0.0924375067761621,1.1254609203605923,28.828437600579957,230.1715243435798,1.0
