valid_time,latitude,longitude,pm1_ug_m3,pm2p5_ug_m3,pm10_ug_m3
2025-08-29 00:00:00,-7.2,112.4,58.889465,64.67451,67.46421
2025-08-29 06:00:00,-7.2,112.4,23.508083,26.347927,27.368565
2025-08-29 12:00:00,-7.2,112.4,58.220592,61.934998,62.653328
2025-08-29 12:00:00,-7.2,112.4,78.59785,84.529236,86.25188
2025-08-29 18:00:00,-7.2,112.4,75.473114,81.76716,84.38895
2025-08-29 18:00:00,-7.2,112.4,76.83445,83.163795,85.72886
2025-08-30 00:00:00,-7.2,112.4,73.83357,80.1071,82.925735
2025-08-30 00:00:00,-7.2,112.4,84.05243,90.816,93.77487
2025-08-30 06:00:00,-7.2,112.4,24.107517,26.783773,27.64935
2025-08-30 06:00:00,-7.2,112.4,17.648008,19.914867,20.778494
2025-08-30 12:00:00,-7.2,112.4,52.7479,56.37636,57.64668
2025-08-30 12:00:00,-7.2,112.4,57.457596,62.09541,63.97812
2025-08-30 18:00:00,-7.2,112.4,133.29185,141.34138,143.46057
2025-08-30 18:00:00,-7.2,112.4,95.052086,101.04452,102.79075
2025-08-31 00:00:00,-7.2,112.4,97.37323,105.30061,108.68081
2025-08-31 00:00:00,-7.2,112.4,90.30043,97.59492,100.65321
2025-08-31 06:00:00,-7.2,112.4,25.047697,27.605867,28.326927
2025-08-31 06:00:00,-7.2,112.4,23.23059,25.769321,26.565886
2025-08-31 12:00:00,-7.2,112.4,39.943398,42.58985,43.119713
2025-08-31 12:00:00,-7.2,112.4,30.660675,32.572857,32.8503
2025-08-31 18:00:00,-7.2,112.4,95.94197,102.03576,103.78687
2025-08-31 18:00:00,-7.2,112.4,60.38124,64.49886,65.770905
2025-09-01 00:00:00,-7.2,112.4,103.53853,112.06214,115.83893
2025-09-01 00:00:00,-7.2,112.4,79.71022,85.727776,88.21257
2025-09-01 06:00:00,-7.2,112.4,14.949972,16.742586,17.377108
2025-09-01 06:00:00,-7.2,112.4,19.602701,22.246788,23.299713
2025-09-01 12:00:00,-7.2,112.4,18.9262,21.037273,22.120314
2025-09-01 12:00:00,-7.2,112.4,16.70674,19.265717,20.73962
2025-09-01 18:00:00,-7.2,112.4,40.76043,44.3467,45.80211
2025-09-01 18:00:00,-7.2,112.4,18.036652,21.143972,22.799845
2025-09-02 00:00:00,-7.2,112.4,40.23308,45.329227,47.939507
2025-09-02 00:00:00,-7.2,112.4,48.77903,53.764557,56.139946
2025-09-02 06:00:00,-7.2,112.4,8.039837,11.680047,14.389968
2025-09-02 06:00:00,-7.2,112.4,8.129863,11.988863,14.901818
2025-09-02 12:00:00,-7.2,112.4,20.35937,23.81467,25.625183
2025-09-02 12:00:00,-7.2,112.4,19.463873,22.149084,23.47111
2025-09-02 18:00:00,-7.2,112.4,62.327614,67.13765,68.85153
2025-09-02 18:00:00,-7.2,112.4,40.261276,44.20597,45.838177
2025-09-03 00:00:00,-7.2,112.4,72.408966,79.45045,82.747475
2025-09-03 00:00:00,-7.2,112.4,84.18112,92.40824,96.141495
2025-09-03 06:00:00,-7.2,112.4,16.171633,18.383926,19.18001
2025-09-03 06:00:00,-7.2,112.4,10.162346,11.267225,11.6021
2025-09-03 12:00:00,-7.2,112.4,26.03299,28.222956,28.804636
2025-09-03 12:00:00,-7.2,112.4,23.109346,24.73871,24.99273
2025-09-03 18:00:00,-7.2,112.4,62.458584,67.33649,69.08158
2025-09-03 18:00:00,-7.2,112.4,58.79522,63.64161,65.5067
2025-09-04 00:00:00,-7.2,112.4,102.09624,110.333534,113.75039
2025-09-04 00:00:00,-7.2,112.4,102.433945,111.041626,114.57786
2025-09-04 06:00:00,-7.2,112.4,24.113983,26.728394,27.52732
2025-09-04 06:00:00,-7.2,112.4,23.130556,25.370749,25.954573
2025-09-04 12:00:00,-7.2,112.4,53.896496,58.27383,60.09901
2025-09-04 12:00:00,-7.2,112.4,38.576466,41.583176,42.639725
2025-09-04 18:00:00,-7.2,112.4,90.644615,96.916435,99.1717
2025-09-04 18:00:00,-7.2,112.4,73.13838,78.36797,80.27763
2025-09-05 00:00:00,-7.2,112.4,116.93095,126.49361,130.65733
2025-09-05 00:00:00,-7.2,112.4,119.7302,129.70207,134.06583
2025-09-05 06:00:00,-7.2,112.4,30.430758,33.414,34.24577
2025-09-05 06:00:00,-7.2,112.4,30.818289,34.202316,35.33086
2025-09-05 12:00:00,-7.2,112.4,49.033165,54.092117,56.62898
2025-09-05 12:00:00,-7.2,112.4,49.783443,55.036053,57.64174
2025-09-05 18:00:00,-7.2,112.4,100.22148,107.14774,109.46718
2025-09-05 18:00:00,-7.2,112.4,115.47479,123.016716,125.31814
2025-09-06 00:00:00,-7.2,112.4,102.89438,111.76598,115.68653
2025-09-06 00:00:00,-7.2,112.4,87.32104,94.658165,97.84429
2025-09-06 06:00:00,-7.2,112.4,43.632362,48.4655,50.100494
2025-09-06 06:00:00,-7.2,112.4,33.109695,36.906567,38.207355
2025-09-06 12:00:00,-7.2,112.4,72.188866,77.14522,78.22058
2025-09-06 12:00:00,-7.2,112.4,83.79027,89.689705,91.08754
2025-09-06 18:00:00,-7.2,112.4,106.20363,114.290855,117.292015
2025-09-06 18:00:00,-7.2,112.4,125.1093,134.77933,138.41145
2025-09-07 00:00:00,-7.2,112.4,76.15211,82.87384,85.87193
2025-09-07 00:00:00,-7.2,112.4,83.69739,91.97691,95.89138
2025-09-07 06:00:00,-7.2,112.4,29.880873,33.046673,33.873104
2025-09-07 06:00:00,-7.2,112.4,33.25409,37.201218,38.430386
2025-09-07 12:00:00,-7.2,112.4,56.81291,60.602303,61.3972
2025-09-07 12:00:00,-7.2,112.4,47.371696,50.055466,50.512714
2025-09-07 18:00:00,-7.2,112.4,94.69028,101.60358,104.10923
2025-09-07 18:00:00,-7.2,112.4,111.216705,118.3667,120.54431
2025-09-08 00:00:00,-7.2,112.4,90.8588,98.71434,102.161156
2025-09-08 00:00:00,-7.2,112.4,93.22099,100.80965,104.02141
2025-09-08 06:00:00,-7.2,112.4,31.851137,35.223373,36.17946
2025-09-08 06:00:00,-7.2,112.4,36.603348,40.396645,41.52416
2025-09-08 12:00:00,-7.2,112.4,93.27118,99.19768,100.214325
2025-09-08 12:00:00,-7.2,112.4,123.2641,132.20796,134.35704
2025-09-08 18:00:00,-7.2,112.4,163.4312,173.97156,177.09306
2025-09-08 18:00:00,-7.2,112.4,160.23523,171.4489,175.2353
2025-09-09 00:00:00,-7.2,112.4,98.58218,106.5971,110.12651
2025-09-09 00:00:00,-7.2,112.4,117.17594,126.856606,131.11588
2025-09-09 06:00:00,-7.2,112.4,41.13264,44.844414,45.70038
2025-09-09 06:00:00,-7.2,112.4,34.196575,37.10514,37.65286
2025-09-09 12:00:00,-7.2,112.4,68.88876,73.61615,74.60898
2025-09-09 12:00:00,-7.2,112.4,66.150566,70.737885,72.087234
2025-09-09 18:00:00,-7.2,112.4,53.862583,58.789165,60.93967
2025-09-09 18:00:00,-7.2,112.4,46.610317,49.73971,50.67579
2025-09-10 00:00:00,-7.2,112.4,63.942196,69.9016,72.7984
2025-09-10 00:00:00,-7.2,112.4,55.76988,60.710476,63.0331
2025-09-10 06:00:00,-7.2,112.4,26.335592,28.10226,28.264612
2025-09-10 06:00:00,-7.2,112.4,35.07124,37.57336,37.84186
2025-09-10 12:00:00,-7.2,112.4,52.48877,55.53101,55.92169
2025-09-10 12:00:00,-7.2,112.4,83.012535,87.73691,88.247986
2025-09-10 18:00:00,-7.2,112.4,74.098526,79.59841,81.6201
2025-09-10 18:00:00,-7.2,112.4,62.308002,67.20097,69.2354
2025-09-11 00:00:00,-7.2,112.4,67.99712,74.00081,76.947685
2025-09-11 00:00:00,-7.2,112.4,56.684914,61.594845,63.868526
2025-09-11 06:00:00,-7.2,112.4,14.474271,16.18298,16.82163
2025-09-11 06:00:00,-7.2,112.4,12.478519,14.529274,15.637326
2025-09-11 12:00:00,-7.2,112.4,43.93704,47.740078,49.41929
2025-09-11 12:00:00,-7.2,112.4,43.18301,47.29445,49.24503
2025-09-11 18:00:00,-7.2,112.4,152.52203,161.199,163.27812
2025-09-11 18:00:00,-7.2,112.4,160.49443,169.9919,172.45486
2025-09-12 00:00:00,-7.2,112.4,117.50933,127.3034,131.51361
2025-09-12 00:00:00,-7.2,112.4,128.69174,139.02917,143.31142
2025-09-12 06:00:00,-7.2,112.4,32.549236,35.67928,36.44638
2025-09-12 06:00:00,-7.2,112.4,30.586264,33.16014,33.638077
2025-09-12 12:00:00,-7.2,112.4,128.647,137.37263,140.145
2025-09-12 12:00:00,-7.2,112.4,119.36874,126.14754,127.12803
2025-09-12 18:00:00,-7.2,112.4,200.21133,213.04976,217.00708
2025-09-12 18:00:00,-7.2,112.4,163.23201,173.7639,176.92355
2025-09-13 00:00:00,-7.2,112.4,113.360214,123.73806,128.6495
2025-09-13 00:00:00,-7.2,112.4,112.41206,123.9344,129.70923
2025-09-13 06:00:00,-7.2,112.4,30.106434,33.25839,34.299232
2025-09-13 06:00:00,-7.2,112.4,27.847105,30.759338,31.706352
2025-09-13 12:00:00,-7.2,112.4,70.32031,74.56612,75.22379
2025-09-13 12:00:00,-7.2,112.4,67.21092,73.01435,75.552574
2025-09-13 18:00:00,-7.2,112.4,116.76184,124.505165,127.00241
2025-09-13 18:00:00,-7.2,112.4,97.91938,104.652374,106.9456
2025-09-14 00:00:00,-7.2,112.4,101.35313,110.425446,114.55205
2025-09-14 00:00:00,-7.2,112.4,90.92565,100.17089,104.74133
2025-09-14 06:00:00,-7.2,112.4,27.177286,29.70857,30.350464
2025-09-14 06:00:00,-7.2,112.4,30.529482,33.75677,34.75593
2025-09-14 12:00:00,-7.2,112.4,54.933567,59.56527,61.46257
2025-09-14 12:00:00,-7.2,112.4,40.600033,44.207455,45.64955
2025-09-14 18:00:00,-7.2,112.4,109.374245,116.97386,119.613335
2025-09-14 18:00:00,-7.2,112.4,90.81549,97.85958,100.5991
2025-09-15 00:00:00,-7.2,112.4,75.61232,82.85406,86.32452
2025-09-15 00:00:00,-7.2,112.4,82.075134,88.908165,91.905975
2025-09-15 06:00:00,-7.2,112.4,25.358965,28.04395,28.843885
2025-09-15 06:00:00,-7.2,112.4,29.205954,32.25194,33.15187
2025-09-15 12:00:00,-7.2,112.4,80.844185,87.28637,89.796684
2025-09-15 12:00:00,-7.2,112.4,64.39984,69.17924,70.40916
2025-09-15 18:00:00,-7.2,112.4,105.15367,113.09976,116.015144
2025-09-15 18:00:00,-7.2,112.4,107.217545,114.85577,117.358864
2025-09-16 00:00:00,-7.2,112.4,95.72073,105.05306,109.6073
2025-09-16 00:00:00,-7.2,112.4,107.548775,117.39405,122.15014
2025-09-16 06:00:00,-7.2,112.4,41.351902,44.9029,45.586704
2025-09-16 06:00:00,-7.2,112.4,37.974335,41.50057,42.223557
2025-09-16 12:00:00,-7.2,112.4,94.01219,98.99731,99.204384
2025-09-16 12:00:00,-7.2,112.4,80.04292,84.83909,85.20988
2025-09-16 18:00:00,-7.2,112.4,114.7551,122.506775,124.50124
2025-09-16 18:00:00,-7.2,112.4,115.107864,123.643875,126.74656
2025-09-17 00:00:00,-7.2,112.4,71.58786,77.57347,79.560326
2025-09-17 00:00:00,-7.2,112.4,76.19883,84.04243,87.724915
2025-09-17 06:00:00,-7.2,112.4,33.901417,37.063377,37.736347
2025-09-17 06:00:00,-7.2,112.4,36.924946,40.48099,41.301693
2025-09-17 12:00:00,-7.2,112.4,70.995384,75.656654,76.24527
2025-09-17 12:00:00,-7.2,112.4,63.122116,67.17806,67.52595
2025-09-17 18:00:00,-7.2,112.4,71.21639,75.48533,75.75966
2025-09-17 18:00:00,-7.2,112.4,118.88727,125.77516,126.34615
2025-09-18 00:00:00,-7.2,112.4,148.42885,160.54451,165.49677
2025-09-18 00:00:00,-7.2,112.4,112.83561,120.78255,122.71925
2025-09-18 06:00:00,-7.2,112.4,34.291447,37.83582,38.858067
2025-09-18 06:00:00,-7.2,112.4,34.043045,37.28283,38.16661
2025-09-18 12:00:00,-7.2,112.4,65.48697,71.29029,73.86472
2025-09-18 12:00:00,-7.2,112.4,88.227356,94.33222,96.42008
2025-09-18 18:00:00,-7.2,112.4,145.10612,154.87285,158.02777
2025-09-18 18:00:00,-7.2,112.4,106.038956,113.67934,116.40214
2025-09-19 00:00:00,-7.2,112.4,97.04837,105.87763,110.13696
2025-09-19 00:00:00,-7.2,112.4,98.30853,107.403824,112.036446
2025-09-19 06:00:00,-7.2,112.4,14.727874,16.088308,16.433805
2025-09-19 06:00:00,-7.2,112.4,11.729828,12.59562,12.745822
2025-09-19 12:00:00,-7.2,112.4,36.350803,39.755318,41.343533
2025-09-19 12:00:00,-7.2,112.4,40.265877,43.490223,44.861122
2025-09-19 18:00:00,-7.2,112.4,47.63493,51.314793,52.731766
2025-09-19 18:00:00,-7.2,112.4,73.834656,78.53515,79.947655
2025-09-20 00:00:00,-7.2,112.4,81.05565,88.66709,92.42899
2025-09-20 00:00:00,-7.2,112.4,66.6509,72.757416,75.81008
2025-09-20 06:00:00,-7.2,112.4,18.36181,19.952806,20.340738
2025-09-20 06:00:00,-7.2,112.4,15.381825,16.78762,17.16478
2025-09-20 12:00:00,-7.2,112.4,56.053352,61.14101,63.38291
2025-09-20 12:00:00,-7.2,112.4,65.91472,71.54813,73.997284
2025-09-20 18:00:00,-7.2,112.4,91.20555,97.72509,100.099556
2025-09-20 18:00:00,-7.2,112.4,71.19837,76.47725,78.43619
2025-09-21 00:00:00,-7.2,112.4,73.328575,80.173325,83.60774
2025-09-21 00:00:00,-7.2,112.4,82.87958,90.69782,94.62929
2025-09-21 06:00:00,-7.2,112.4,26.4051,28.772089,29.333012
2025-09-21 06:00:00,-7.2,112.4,23.367395,25.33255,25.732903
2025-09-21 12:00:00,-7.2,112.4,88.77743,96.31799,99.67551
2025-09-21 12:00:00,-7.2,112.4,79.64519,86.27552,89.1867
2025-09-21 18:00:00,-7.2,112.4,127.8413,136.7585,139.8384
2025-09-21 18:00:00,-7.2,112.4,64.65922,70.18088,72.66243
2025-09-22 00:00:00,-7.2,112.4,98.623505,105.846596,107.34362
2025-09-22 00:00:00,-7.2,112.4,96.143936,101.28292,101.455956
2025-09-22 06:00:00,-7.2,112.4,29.728014,31.814196,31.93865
2025-09-22 06:00:00,-7.2,112.4,38.564564,41.97419,42.623325
2025-09-22 12:00:00,-7.2,112.4,74.66684,79.86455,81.66205
2025-09-22 12:00:00,-7.2,112.4,66.29188,69.89831,70.1865
2025-09-22 18:00:00,-7.2,112.4,177.86977,187.81213,190.09149
2025-09-22 18:00:00,-7.2,112.4,181.15213,191.8599,194.60634
2025-09-23 00:00:00,-7.2,112.4,103.85247,113.362206,117.957825
2025-09-23 00:00:00,-7.2,112.4,113.47885,122.97721,127.05954
2025-09-23 06:00:00,-7.2,112.4,43.31529,46.591328,47.08819
2025-09-23 06:00:00,-7.2,112.4,45.485245,48.830288,49.303867
2025-09-23 12:00:00,-7.2,112.4,81.56167,86.14342,86.61442
2025-09-23 12:00:00,-7.2,112.4,79.92509,84.897064,85.98244
2025-09-23 18:00:00,-7.2,112.4,142.1854,152.96399,157.32144
2025-09-23 18:00:00,-7.2,112.4,172.80882,183.93939,187.42099
2025-09-24 00:00:00,-7.2,112.4,91.07407,100.23751,104.920105
2025-09-24 00:00:00,-7.2,112.4,63.276447,69.41599,72.077286
2025-09-24 06:00:00,-7.2,112.4,55.632454,59.833496,60.49987
2025-09-24 06:00:00,-7.2,112.4,57.06742,61.51606,62.131905
2025-09-24 12:00:00,-7.2,112.4,66.87531,71.30916,71.73406
2025-09-24 12:00:00,-7.2,112.4,86.94849,92.55337,93.85821
2025-09-24 18:00:00,-7.2,112.4,161.37921,170.12053,170.95613
2025-09-24 18:00:00,-7.2,112.4,137.1003,146.3,149.1901
2025-09-25 00:00:00,-7.2,112.4,103.489525,110.49599,112.20163
2025-09-25 00:00:00,-7.2,112.4,127.941124,136.10457,137.91362
2025-09-25 06:00:00,-7.2,112.4,23.71943,25.836084,26.415129
2025-09-25 06:00:00,-7.2,112.4,18.478563,20.415459,21.070225
2025-09-25 12:00:00,-7.2,112.4,48.844486,52.94622,54.66855
2025-09-25 12:00:00,-7.2,112.4,38.37592,41.816673,43.33576
2025-09-25 18:00:00,-7.2,112.4,62.686466,67.45984,69.28548
2025-09-25 18:00:00,-7.2,112.4,56.848827,61.16704,62.814877
2025-09-26 00:00:00,-7.2,112.4,90.72346,98.95405,103.01352
2025-09-26 00:00:00,-7.2,112.4,72.53777,79.19351,82.55035
2025-09-26 06:00:00,-7.2,112.4,28.15965,30.890802,31.566092
2025-09-26 06:00:00,-7.2,112.4,26.184725,28.650276,29.209229
2025-09-26 12:00:00,-7.2,112.4,85.031845,89.63872,90.002686
2025-09-26 12:00:00,-7.2,112.4,83.102234,87.89726,88.72974
2025-09-26 18:00:00,-7.2,112.4,67.669365,72.24736,73.719376
2025-09-26 18:00:00,-7.2,112.4,108.0233,114.42188,115.98564
2025-09-27 00:00:00,-7.2,112.4,99.45364,108.4133,112.688385
2025-09-27 00:00:00,-7.2,112.4,120.90351,131.85689,137.0176
2025-09-27 06:00:00,-7.2,112.4,27.943798,30.690472,31.4513
2025-09-27 06:00:00,-7.2,112.4,27.03354,30.416487,31.652298
2025-09-27 12:00:00,-7.2,112.4,24.69884,26.703987,27.387497
2025-09-27 12:00:00,-7.2,112.4,22.19992,24.741745,25.915525
2025-09-27 18:00:00,-7.2,112.4,29.225727,32.006336,33.264694
2025-09-27 18:00:00,-7.2,112.4,27.920208,31.019865,32.521236
2025-09-28 00:00:00,-7.2,112.4,52.592304,58.724133,61.985703
2025-09-28 00:00:00,-7.2,112.4,46.189934,51.5981,54.471912
2025-09-28 06:00:00,-7.2,112.4,11.453768,13.068181,13.789495
2025-09-28 06:00:00,-7.2,112.4,12.93532,14.624788,15.255687
2025-09-28 12:00:00,-7.2,112.4,27.32054,29.757153,30.8304
2025-09-28 12:00:00,-7.2,112.4,22.633966,25.053322,26.205654
2025-09-28 18:00:00,-7.2,112.4,57.757294,61.717743,62.98825
2025-09-28 18:00:00,-7.2,112.4,58.12048,62.756668,64.52052
2025-09-29 00:00:00,-7.2,112.4,92.27154,100.37854,103.88817
2025-09-29 00:00:00,-7.2,112.4,71.39022,78.528275,81.965195
2025-09-29 06:00:00,-7.2,112.4,31.465153,35.219875,36.473236
2025-09-29 06:00:00,-7.2,112.4,31.520018,35.192436,36.396427
2025-09-29 12:00:00,-7.2,112.4,61.235992,65.7289,66.990425
2025-09-29 12:00:00,-7.2,112.4,54.848488,58.325058,58.97412
2025-09-29 18:00:00,-7.2,112.4,51.256844,55.791832,57.65945
2025-09-29 18:00:00,-7.2,112.4,124.52699,132.56067,134.7961
2025-09-30 00:00:00,-7.2,112.4,71.77482,76.66676,77.72883
2025-09-30 00:00:00,-7.2,112.4,58.632057,62.484333,63.05987
2025-09-30 06:00:00,-7.2,112.4,18.6497,20.005547,20.269655
2025-09-30 06:00:00,-7.2,112.4,17.761408,19.070747,19.3412
2025-09-30 12:00:00,-7.2,112.4,60.6168,65.704796,68.08591
2025-09-30 12:00:00,-7.2,112.4,67.50292,72.479164,74.46488
2025-09-30 18:00:00,-7.2,112.4,119.43433,127.2021,129.72168
2025-09-30 18:00:00,-7.2,112.4,124.771645,132.56721,134.9323
2025-10-01 00:00:00,-7.2,112.4,67.5106,73.367004,76.1633
2025-10-01 00:00:00,-7.2,112.4,103.84861,113.25477,118.04411
2025-10-01 06:00:00,-7.2,112.4,13.97283,15.212479,15.523334
2025-10-01 06:00:00,-7.2,112.4,14.886205,15.855381,15.9828205
2025-10-01 12:00:00,-7.2,112.4,65.10572,69.635124,71.233444
2025-10-01 12:00:00,-7.2,112.4,62.904007,68.14497,70.419334
2025-10-01 18:00:00,-7.2,112.4,134.69646,142.51418,144.54622
2025-10-01 18:00:00,-7.2,112.4,178.9793,189.11237,191.52026
2025-10-02 00:00:00,-7.2,112.4,128.59909,139.83395,145.33185
2025-10-02 00:00:00,-7.2,112.4,128.4394,139.68684,145.2588
2025-10-02 06:00:00,-7.2,112.4,28.847662,31.215042,31.706009
2025-10-02 06:00:00,-7.2,112.4,24.33092,26.392427,26.88401
2025-10-02 12:00:00,-7.2,112.4,67.46058,72.906456,75.20743
2025-10-02 12:00:00,-7.2,112.4,73.691864,79.35125,81.5989
2025-10-02 18:00:00,-7.2,112.4,207.64014,219.21835,221.77222
2025-10-02 18:00:00,-7.2,112.4,193.52774,204.64023,207.29521
2025-10-03 00:00:00,-7.2,112.4,118.22249,128.23705,132.86131
2025-10-03 00:00:00,-7.2,112.4,141.1724,153.08723,158.54959
2025-10-03 06:00:00,-7.2,112.4,41.774113,44.715073,45.022465
2025-10-03 06:00:00,-7.2,112.4,50.160946,54.07014,54.653965
2025-10-03 12:00:00,-7.2,112.4,127.84284,134.74391,135.03194
2025-10-03 12:00:00,-7.2,112.4,151.68307,159.97705,160.43571
2025-10-03 18:00:00,-7.2,112.4,178.43633,188.04315,188.75017
2025-10-03 18:00:00,-7.2,112.4,189.40324,201.65054,205.1176
2025-10-04 00:00:00,-7.2,112.4,104.05654,112.76359,115.94227
2025-10-04 00:00:00,-7.2,112.4,97.71685,107.347885,112.04923
2025-10-04 06:00:00,-7.2,112.4,48.671665,52.89851,53.68757
2025-10-04 06:00:00,-7.2,112.4,42.888233,46.71559,47.482807
2025-10-04 12:00:00,-7.2,112.4,56.104298,61.03147,62.91475
2025-10-04 12:00:00,-7.2,112.4,63.689754,68.57772,70.114876
2025-10-04 18:00:00,-7.2,112.4,131.5227,140.07162,142.69626
2025-10-04 18:00:00,-7.2,112.4,131.37862,140.194,143.0979
2025-10-05 00:00:00,-7.2,112.4,132.42789,143.95744,149.39696
2025-10-05 00:00:00,-7.2,112.4,120.77976,131.24321,136.20844
2025-10-05 06:00:00,-7.2,112.4,16.395027,17.831734,18.457094
2025-10-05 06:00:00,-7.2,112.4,17.458107,19.411232,20.394754
2025-10-05 12:00:00,-7.2,112.4,36.70784,40.391834,42.365826
2025-10-05 12:00:00,-7.2,112.4,42.264996,46.46856,48.623016
2025-10-05 18:00:00,-7.2,112.4,105.435165,112.36852,114.74856
2025-10-05 18:00:00,-7.2,112.4,116.511215,124.047516,126.52532
2025-10-06 00:00:00,-7.2,112.4,73.236206,80.90581,85.21584
2025-10-06 00:00:00,-7.2,112.4,79.597275,87.25772,91.38665
2025-10-06 06:00:00,-7.2,112.4,18.402918,19.988462,20.630964
2025-10-06 06:00:00,-7.2,112.4,17.600967,19.466782,20.576284
2025-10-06 12:00:00,-7.2,112.4,39.138527,42.247192,43.56632
2025-10-06 12:00:00,-7.2,112.4,36.12689,39.151,40.516
2025-10-06 18:00:00,-7.2,112.4,63.118534,67.49923,69.10443
2025-10-06 18:00:00,-7.2,112.4,85.96442,91.44486,93.26408
2025-10-07 00:00:00,-7.2,112.4,102.770966,110.397705,113.34441
2025-10-07 00:00:00,-7.2,112.4,98.06672,105.99615,109.33593
2025-10-07 06:00:00,-7.2,112.4,31.948229,34.375717,34.90598
2025-10-07 06:00:00,-7.2,112.4,35.941383,38.915607,39.757046
2025-10-07 12:00:00,-7.2,112.4,156.98691,165.62485,166.56013
2025-10-07 12:00:00,-7.2,112.4,111.33301,119.37055,122.34545
2025-10-07 18:00:00,-7.2,112.4,100.30118,107.58157,110.20711
2025-10-07 18:00:00,-7.2,112.4,113.456566,121.68334,124.46833
2025-10-08 00:00:00,-7.2,112.4,67.85558,76.20303,80.96378
2025-10-08 00:00:00,-7.2,112.4,71.789314,80.619774,85.69839
2025-10-08 06:00:00,-7.2,112.4,31.56612,34.707165,35.814438
2025-10-08 06:00:00,-7.2,112.4,24.530458,26.907713,27.74258
2025-10-08 12:00:00,-7.2,112.4,122.19522,129.05202,130.14624
2025-10-08 12:00:00,-7.2,112.4,129.3601,137.18494,138.63911
2025-10-08 18:00:00,-7.2,112.4,143.39043,152.59798,155.49466
2025-10-08 18:00:00,-7.2,112.4,170.2624,181.90257,185.8649
2025-10-09 00:00:00,-7.2,112.4,99.36599,109.80477,115.51754
2025-10-09 00:00:00,-7.2,112.4,85.97692,94.158226,98.224915
2025-10-09 06:00:00,-7.2,112.4,30.41841,33.29865,34.40348
2025-10-09 06:00:00,-7.2,112.4,39.812862,43.812855,45.38633
2025-10-09 12:00:00,-7.2,112.4,66.32081,72.26993,75.23977
2025-10-09 12:00:00,-7.2,112.4,58.660168,64.45157,67.53896
2025-10-09 18:00:00,-7.2,112.4,168.92102,179.66983,183.16104
2025-10-09 18:00:00,-7.2,112.4,144.41571,154.4899,158.22684
2025-10-10 00:00:00,-7.2,112.4,86.803825,95.808784,100.7499
2025-10-10 00:00:00,-7.2,112.4,74.806,82.3984,86.63005
2025-10-10 06:00:00,-7.2,112.4,30.070919,32.67601,33.439713
2025-10-10 06:00:00,-7.2,112.4,35.137455,38.742317,40.21735
2025-10-10 12:00:00,-7.2,112.4,74.5423,80.18958,82.433075
2025-10-10 12:00:00,-7.2,112.4,63.877506,68.77002,70.705826
2025-10-10 18:00:00,-7.2,112.4,108.7289,115.56017,117.641495
2025-10-10 18:00:00,-7.2,112.4,136.39891,144.22955,146.20883
2025-10-11 00:00:00,-7.2,112.4,96.7795,105.65975,110.06972
2025-10-11 00:00:00,-7.2,112.4,88.56523,96.42872,100.26958
2025-10-11 06:00:00,-7.2,112.4,24.161726,26.824512,27.811438
2025-10-11 06:00:00,-7.2,112.4,20.599121,22.82859,23.625343
2025-10-11 12:00:00,-7.2,112.4,34.695435,38.47196,40.438446
2025-10-11 12:00:00,-7.2,112.4,45.281033,50.40069,53.08403
2025-10-11 18:00:00,-7.2,112.4,105.699936,112.67196,114.907326
2025-10-11 18:00:00,-7.2,112.4,103.97485,110.86746,113.02865
2025-10-12 00:00:00,-7.2,112.4,89.37184,98.51243,103.40994
2025-10-12 00:00:00,-7.2,112.4,88.2315,96.50171,100.646904
2025-10-12 06:00:00,-7.2,112.4,16.646336,17.936266,18.223112
2025-10-12 06:00:00,-7.2,112.4,13.749559,14.971171,15.291672
2025-10-12 12:00:00,-7.2,112.4,24.273561,26.10173,26.86984
2025-10-12 12:00:00,-7.2,112.4,23.15151,25.19654,26.15269
2025-10-12 18:00:00,-7.2,112.4,79.275085,83.78896,84.86228
2025-10-12 18:00:00,-7.2,112.4,87.703316,92.6637,93.825066
2025-10-13 00:00:00,-7.2,112.4,66.95302,73.26605,76.556145
2025-10-13 00:00:00,-7.2,112.4,64.23329,70.21037,73.18249
2025-10-13 06:00:00,-7.2,112.4,24.149063,26.235891,26.680145
2025-10-13 06:00:00,-7.2,112.4,20.647171,22.441404,22.849495
2025-10-13 12:00:00,-7.2,112.4,36.392105,38.66553,39.26515
2025-10-13 12:00:00,-7.2,112.4,45.169193,47.57698,47.74883
2025-10-13 18:00:00,-7.2,112.4,151.92154,160.55504,162.64847
2025-10-13 18:00:00,-7.2,112.4,143.84859,151.8232,153.5027
2025-10-14 00:00:00,-7.2,112.4,86.61027,94.20933,97.64272
2025-10-14 00:00:00,-7.2,112.4,78.72683,84.64747,86.83452
2025-10-14 06:00:00,-7.2,112.4,24.142714,26.172209,26.531263
2025-10-14 06:00:00,-7.2,112.4,19.67831,21.050585,21.20807
2025-10-14 12:00:00,-7.2,112.4,25.12013,27.10902,27.776068
2025-10-14 12:00:00,-7.2,112.4,26.640507,28.5379,29.146467
2025-10-14 18:00:00,-7.2,112.4,100.22774,106.64172,108.657845
2025-10-14 18:00:00,-7.2,112.4,110.62383,117.10347,118.832016
2025-10-15 00:00:00,-7.2,112.4,87.04882,95.301575,99.597
2025-10-15 00:00:00,-7.2,112.4,85.148994,92.280914,95.406334
2025-10-15 06:00:00,-7.2,112.4,30.98668,33.214066,33.449852
2025-10-15 06:00:00,-7.2,112.4,26.916592,28.848557,29.051598
2025-10-15 12:00:00,-7.2,112.4,52.962776,56.78395,58.08316
2025-10-15 12:00:00,-7.2,112.4,62.799416,67.25855,68.72921
2025-10-15 18:00:00,-7.2,112.4,103.89806,110.238144,111.77412
2025-10-15 18:00:00,-7.2,112.4,126.67136,134.00961,135.63339
2025-10-16 00:00:00,-7.2,112.4,101.854195,110.5667,114.22475
2025-10-16 00:00:00,-7.2,112.4,88.10127,94.521454,96.701225
2025-10-16 06:00:00,-7.2,112.4,19.991634,21.416887,21.620043
2025-10-16 06:00:00,-7.2,112.4,23.306736,25.451633,26.044703
2025-10-16 12:00:00,-7.2,112.4,46.23967,49.221596,50.140976
2025-10-16 12:00:00,-7.2,112.4,44.777203,47.135895,47.30106
2025-10-16 18:00:00,-7.2,112.4,135.14961,143.09018,145.13995
2025-10-16 18:00:00,-7.2,112.4,142.99707,151.25426,153.20535
2025-10-17 00:00:00,-7.2,112.4,79.79674,88.20052,92.78443
2025-10-17 00:00:00,-7.2,112.4,90.701065,100.61546,106.01957
2025-10-17 06:00:00,-7.2,112.4,25.371765,27.43233,27.823557
2025-10-17 06:00:00,-7.2,112.4,24.034777,26.18232,26.681622
2025-10-17 12:00:00,-7.2,112.4,40.270397,42.96716,43.926342
2025-10-17 12:00:00,-7.2,112.4,30.984314,33.42068,34.406635
2025-10-17 18:00:00,-7.2,112.4,89.31124,94.26725,95.350685
2025-10-17 18:00:00,-7.2,112.4,123.71663,130.42603,131.67676
2025-10-18 00:00:00,-7.2,112.4,88.232864,93.00618,93.61287
2025-10-18 00:00:00,-7.2,112.4,89.14418,94.35843,95.46602
2025-10-18 06:00:00,-7.2,112.4,24.784836,26.590498,26.872475
2025-10-18 06:00:00,-7.2,112.4,24.567623,26.265602,26.488192
2025-10-18 12:00:00,-7.2,112.4,50.62735,54.87375,56.73575
2025-10-18 12:00:00,-7.2,112.4,36.948765,40.079586,41.541073
2025-10-18 18:00:00,-7.2,112.4,149.13832,157.67744,159.7125
2025-10-18 18:00:00,-7.2,112.4,163.93114,172.90302,174.84103
2025-10-19 00:00:00,-7.2,112.4,101.76291,109.355995,112.202545
2025-10-19 00:00:00,-7.2,112.4,102.521996,110.16715,112.8854
2025-10-19 06:00:00,-7.2,112.4,37.273453,40.377483,41.12931
2025-10-19 06:00:00,-7.2,112.4,34.642082,37.27053,37.797733
2025-10-19 12:00:00,-7.2,112.4,36.779346,41.11331,43.32905
2025-10-19 12:00:00,-7.2,112.4,50.910778,54.586758,55.713646
2025-10-19 18:00:00,-7.2,112.4,32.76795,35.846478,36.957756
2025-10-19 18:00:00,-7.2,112.4,74.63217,80.25558,82.42756
2025-10-20 00:00:00,-7.2,112.4,45.610806,50.36169,52.754585
2025-10-20 00:00:00,-7.2,112.4,71.49612,79.746994,84.3807
2025-10-20 06:00:00,-7.2,112.4,17.348377,18.89137,19.271418
2025-10-20 06:00:00,-7.2,112.4,12.084346,13.412038,13.94223
2025-10-20 12:00:00,-7.2,112.4,51.611412,55.552937,57.21792
2025-10-20 12:00:00,-7.2,112.4,54.23196,58.60823,60.36578
2025-10-20 18:00:00,-7.2,112.4,148.86928,157.2056,159.16055
2025-10-20 18:00:00,-7.2,112.4,72.674484,77.82779,79.65179
2025-10-21 00:00:00,-7.2,112.4,89.47205,97.76665,101.95572
2025-10-21 00:00:00,-7.2,112.4,74.57004,81.90096,85.797356
2025-10-21 06:00:00,-7.2,112.4,23.518517,25.555437,26.269024
2025-10-21 06:00:00,-7.2,112.4,31.983475,34.171917,34.38991
2025-10-21 12:00:00,-7.2,112.4,48.89921,52.86218,54.588055
2025-10-21 12:00:00,-7.2,112.4,55.19576,58.61431,59.699856
2025-10-21 18:00:00,-7.2,112.4,60.04501,63.589653,64.58288
2025-10-21 18:00:00,-7.2,112.4,88.78516,94.734276,96.792175
2025-10-22 00:00:00,-7.2,112.4,40.555965,43.519054,44.70651
2025-10-22 00:00:00,-7.2,112.4,38.01756,41.034115,42.32152
2025-10-22 06:00:00,-7.2,112.4,23.157658,24.690472,24.8465
2025-10-22 06:00:00,-7.2,112.4,12.573444,13.785914,14.29036
2025-10-22 12:00:00,-7.2,112.4,67.05892,72.07183,74.053444
2025-10-22 12:00:00,-7.2,112.4,73.40333,78.899345,81.103226
2025-10-22 18:00:00,-7.2,112.4,106.97187,114.69939,117.70777
2025-10-22 18:00:00,-7.2,112.4,121.37252,128.74614,130.82234
2025-10-23 00:00:00,-7.2,112.4,99.09775,107.33578,110.87144
2025-10-23 00:00:00,-7.2,112.4,76.22515,82.7381,85.82447
2025-10-23 06:00:00,-7.2,112.4,30.489292,32.38113,32.478058
2025-10-23 06:00:00,-7.2,112.4,32.837326,34.950558,35.009575
2025-10-23 12:00:00,-7.2,112.4,74.24529,78.207504,78.21825
2025-10-23 12:00:00,-7.2,112.4,95.55697,100.19062,100.19056
2025-10-23 18:00:00,-7.2,112.4,89.60671,94.29044,94.495705
2025-10-23 18:00:00,-7.2,112.4,92.09026,96.97925,97.3231
2025-10-24 00:00:00,-7.2,112.4,50.3592,53.29411,53.6293
2025-10-24 00:00:00,-7.2,112.4,60.868046,64.60721,65.32895
2025-10-24 06:00:00,-7.2,112.4,24.732067,26.415194,26.531715
2025-10-24 06:00:00,-7.2,112.4,20.299627,21.623098,21.694912
2025-10-24 12:00:00,-7.2,112.4,50.20479,52.923325,53.074615
2025-10-24 12:00:00,-7.2,112.4,61.31705,64.88329,65.36635
2025-10-24 18:00:00,-7.2,112.4,121.74752,130.17068,133.15161
2025-10-24 18:00:00,-7.2,112.4,71.10737,75.02024,75.38131
2025-10-25 00:00:00,-7.2,112.4,77.585526,82.33519,83.06813
2025-10-25 00:00:00,-7.2,112.4,68.00502,71.9042,72.08945
2025-10-25 06:00:00,-7.2,112.4,35.633686,38.35858,38.716217
2025-10-25 06:00:00,-7.2,112.4,37.759453,41.0275,41.72649
2025-10-25 12:00:00,-7.2,112.4,68.822205,73.155266,73.499504
2025-10-25 12:00:00,-7.2,112.4,73.40418,77.54045,77.751625
2025-10-25 18:00:00,-7.2,112.4,123.36994,129.98232,130.4674
2025-10-25 18:00:00,-7.2,112.4,75.24812,79.606476,80.43821
2025-10-26 00:00:00,-7.2,112.4,71.69223,75.83208,76.153755
2025-10-26 00:00:00,-7.2,112.4,72.45114,76.672905,77.08491
2025-10-26 06:00:00,-7.2,112.4,38.40667,41.064514,41.298412
2025-10-26 06:00:00,-7.2,112.4,37.17564,39.92855,40.18805
2025-10-26 12:00:00,-7.2,112.4,66.08514,69.91826,70.16996
2025-10-26 12:00:00,-7.2,112.4,59.486153,62.984043,63.12996
2025-10-26 18:00:00,-7.2,112.4,112.22812,118.376816,119.137955
2025-10-26 18:00:00,-7.2,112.4,78.5306,82.760666,82.813416
2025-10-27 00:00:00,-7.2,112.4,61.182674,64.7093,64.77802
2025-10-27 00:00:00,-7.2,112.4,71.30558,75.33487,75.39478
2025-10-27 06:00:00,-7.2,112.4,32.321205,34.469353,34.62712
2025-10-27 06:00:00,-7.2,112.4,25.467773,27.083881,27.148615
2025-10-27 12:00:00,-7.2,112.4,69.96516,73.61877,73.69789
2025-10-27 12:00:00,-7.2,112.4,83.647194,88.306305,88.88708
2025-10-27 18:00:00,-7.2,112.4,61.894753,66.81159,68.80458
2025-10-27 18:00:00,-7.2,112.4,100.22507,105.90407,106.87967
2025-10-28 00:00:00,-7.2,112.4,85.752335,90.66025,91.26944
2025-10-28 00:00:00,-7.2,112.4,86.66143,91.312584,91.42599
2025-10-28 06:00:00,-7.2,112.4,42.07125,44.872623,45.06666
2025-10-28 06:00:00,-7.2,112.4,33.37426,35.66273,35.950726
2025-10-28 12:00:00,-7.2,112.4,87.53227,94.02936,96.40729
2025-10-28 12:00:00,-7.2,112.4,75.13239,79.1589,79.29703
2025-10-28 18:00:00,-7.2,112.4,80.75926,85.59482,86.58242
2025-10-28 18:00:00,-7.2,112.4,130.99544,139.8825,142.9932
2025-10-29 00:00:00,-7.2,112.4,87.42296,92.721794,93.71451
2025-10-29 00:00:00,-7.2,112.4,100.307434,108.41802,112.06277
2025-10-29 06:00:00,-7.2,112.4,36.078934,38.36786,38.39181
2025-10-29 06:00:00,-7.2,112.4,32.116394,34.17484,34.36053
2025-10-29 12:00:00,-7.2,112.4,94.68192,99.67232,99.68755
2025-10-29 12:00:00,-7.2,112.4,95.76587,101.64587,103.3776
2025-10-29 18:00:00,-7.2,112.4,125.44859,132.98512,134.44702
2025-10-29 18:00:00,-7.2,112.4,169.30347,179.24254,181.89825
2025-10-30 00:00:00,-7.2,112.4,90.54219,97.908356,101.17003
2025-10-30 00:00:00,-7.2,112.4,147.37453,156.17627,157.20837
2025-10-30 06:00:00,-7.2,112.4,44.08063,46.905773,46.94596
2025-10-30 06:00:00,-7.2,112.4,21.427866,22.616789,22.632591
2025-10-30 12:00:00,-7.2,112.4,50.025814,52.720364,53.03378
2025-10-30 12:00:00,-7.2,112.4,58.639664,62.93766,64.50119
2025-10-30 18:00:00,-7.2,112.4,45.840916,48.284103,48.28828
2025-10-30 18:00:00,-7.2,112.4,128.83556,137.6124,140.79182
2025-10-31 00:00:00,-7.2,112.4,55.999474,59.815475,60.901016
2025-10-31 00:00:00,-7.2,112.4,44.91753,47.809673,48.538403
2025-10-31 06:00:00,-7.2,112.4,24.814848,26.202042,26.223726
2025-10-31 06:00:00,-7.2,112.4,13.218514,14.144711,14.267482
2025-10-31 12:00:00,-7.2,112.4,64.225784,69.64785,72.24128
2025-10-31 12:00:00,-7.2,112.4,42.511898,45.90605,47.39788
2025-10-31 18:00:00,-7.2,112.4,137.30038,145.75653,148.3072
2025-10-31 18:00:00,-7.2,112.4,87.19445,92.720825,94.49047
2025-11-01 00:00:00,-7.2,112.4,37.77825,40.92623,42.40771
2025-11-01 00:00:00,-7.2,112.4,29.53781,32.19544,33.532154
2025-11-01 06:00:00,-7.2,112.4,15.13612,15.9878435,16.030775
2025-11-01 06:00:00,-7.2,112.4,14.987453,15.788661,15.842559
2025-11-01 12:00:00,-7.2,112.4,79.21432,84.76417,86.88943
2025-11-01 12:00:00,-7.2,112.4,55.40119,59.366547,60.83775
2025-11-01 18:00:00,-7.2,112.4,103.24652,109.762024,111.86245
2025-11-01 18:00:00,-7.2,112.4,69.92491,74.488014,76.01164
2025-11-02 00:00:00,-7.2,112.4,58.738667,63.08568,64.78621
2025-11-02 00:00:00,-7.2,112.4,69.67275,74.3367,75.71072
2025-11-02 06:00:00,-7.2,112.4,14.310235,15.22929,15.327053
2025-11-02 06:00:00,-7.2,112.4,19.494762,20.70879,20.816656
2025-11-02 12:00:00,-7.2,112.4,99.511734,106.93566,109.989174
2025-11-02 12:00:00,-7.2,112.4,98.92278,106.03509,108.78545
2025-11-02 18:00:00,-7.2,112.4,169.64987,180.52527,184.09668
2025-11-02 18:00:00,-7.2,112.4,115.448074,123.01393,125.55006
2025-11-03 00:00:00,-7.2,112.4,115.18046,122.85733,124.815475
2025-11-03 00:00:00,-7.2,112.4,99.11844,105.77838,107.57725
2025-11-03 06:00:00,-7.2,112.4,35.64601,37.965557,38.139355
2025-11-03 06:00:00,-7.2,112.4,32.02027,33.888405,33.942314
2025-11-03 12:00:00,-7.2,112.4,62.779465,66.1239,66.17313
2025-11-03 12:00:00,-7.2,112.4,110.43494,115.99269,116.01424
2025-11-03 18:00:00,-7.2,112.4,143.4044,152.96109,156.17416
2025-11-03 18:00:00,-7.2,112.4,103.55331,110.33654,112.51535
2025-11-04 00:00:00,-7.2,112.4,112.20675,118.45014,118.97839
2025-11-04 00:00:00,-7.2,112.4,125.55068,132.97438,133.94583
2025-11-04 06:00:00,-7.2,112.4,56.849007,60.60907,60.786816
2025-11-04 06:00:00,-7.2,112.4,51.12338,54.328045,54.360283
2025-11-04 12:00:00,-7.2,112.4,89.81311,94.806015,94.936295
2025-11-04 12:00:00,-7.2,112.4,74.12933,78.39293,78.72336
2025-11-04 18:00:00,-7.2,112.4,68.7703,72.845695,73.194885
2025-11-04 18:00:00,-7.2,112.4,105.079155,112.10875,114.38215
2025-11-05 00:00:00,-7.2,112.4,83.22428,90.08744,93.10639
2025-11-05 00:00:00,-7.2,112.4,83.964096,89.91043,92.09714
2025-11-05 06:00:00,-7.2,112.4,42.54881,45.57669,45.868298
2025-11-05 06:00:00,-7.2,112.4,44.95761,48.105232,48.50306
2025-11-05 12:00:00,-7.2,112.4,65.60452,69.40195,69.78496
2025-11-05 12:00:00,-7.2,112.4,57.81245,61.042725,61.343258
2025-11-05 18:00:00,-7.2,112.4,112.722885,119.41216,121.14072
2025-11-05 18:00:00,-7.2,112.4,92.34674,98.176315,99.839096
2025-11-06 00:00:00,-7.2,112.4,81.33236,87.286705,89.64798
2025-11-06 00:00:00,-7.2,112.4,117.22289,124.724014,127.16026
2025-11-06 06:00:00,-7.2,112.4,38.181427,40.347923,40.50063
2025-11-06 06:00:00,-7.2,112.4,42.447723,45.43027,45.9791
2025-11-06 12:00:00,-7.2,112.4,121.0924,128.47136,130.48901
2025-11-06 12:00:00,-7.2,112.4,100.33949,106.54867,108.12522
2025-11-06 18:00:00,-7.2,112.4,153.2727,162.28886,164.58353
2025-11-06 18:00:00,-7.2,112.4,57.15662,60.982075,62.200626
2025-11-07 00:00:00,-7.2,112.4,72.114685,77.303696,78.95858
2025-11-07 00:00:00,-7.2,112.4,88.42352,96.348,100.31874
2025-11-07 06:00:00,-7.2,112.4,36.42596,38.805904,38.915474
2025-11-07 06:00:00,-7.2,112.4,35.41506,38.05526,38.35142
2025-11-07 12:00:00,-7.2,112.4,75.251816,79.33767,79.43152
2025-11-07 12:00:00,-7.2,112.4,72.621216,76.337074,76.37124
2025-11-07 18:00:00,-7.2,112.4,94.56619,99.642136,99.7274
2025-11-07 18:00:00,-7.2,112.4,134.80331,144.03276,147.09212
2025-11-08 00:00:00,-7.2,112.4,106.33858,112.09079,112.12404
2025-11-08 00:00:00,-7.2,112.4,119.40142,126.26509,126.7656
2025-11-08 06:00:00,-7.2,112.4,37.469196,40.04836,40.112835
2025-11-08 06:00:00,-7.2,112.4,37.55175,40.096207,40.208923
2025-11-08 12:00:00,-7.2,112.4,96.30742,101.76018,102.030075
2025-11-08 12:00:00,-7.2,112.4,109.55796,115.33052,115.426704
2025-11-08 18:00:00,-7.2,112.4,105.15151,110.63349,110.793625
2025-11-08 18:00:00,-7.2,112.4,109.04876,114.86702,115.1476
2025-11-09 00:00:00,-7.2,112.4,93.08588,98.213264,98.2559
2025-11-09 00:00:00,-7.2,112.4,103.61475,109.42813,109.48452
2025-11-09 06:00:00,-7.2,112.4,33.97712,35.983532,35.99788
2025-11-09 06:00:00,-7.2,112.4,34.29488,36.32164,36.359898
2025-11-09 12:00:00,-7.2,112.4,79.53787,83.74928,84.075905
2025-11-09 12:00:00,-7.2,112.4,97.77563,103.95581,105.83472
2025-11-09 18:00:00,-7.2,112.4,85.595276,90.47477,91.659676
2025-11-09 18:00:00,-7.2,112.4,156.60646,166.88608,170.31538
2025-11-10 00:00:00,-7.2,112.4,91.64825,98.23697,100.26042
2025-11-10 00:00:00,-7.2,112.4,124.58861,132.2532,133.50978
2025-11-10 06:00:00,-7.2,112.4,68.51377,73.46603,73.73302
2025-11-10 06:00:00,-7.2,112.4,51.451744,55.30789,55.613506
2025-11-10 12:00:00,-7.2,112.4,82.924995,87.87367,88.03068
2025-11-10 12:00:00,-7.2,112.4,81.95605,87.28545,87.527954
2025-11-10 18:00:00,-7.2,112.4,113.101295,119.32553,119.44343
2025-11-10 18:00:00,-7.2,112.4,98.18916,103.274826,103.29899
2025-11-11 00:00:00,-7.2,112.4,86.66899,91.66774,91.69065
2025-11-11 00:00:00,-7.2,112.4,75.131935,79.44345,79.54122
2025-11-11 06:00:00,-7.2,112.4,55.237076,59.409245,59.637215
2025-11-11 06:00:00,-7.2,112.4,51.6836,55.31891,55.4713
2025-11-11 12:00:00,-7.2,112.4,155.02985,163.19513,163.34258
2025-11-11 12:00:00,-7.2,112.4,140.75795,148.78679,149.0028
2025-11-11 18:00:00,-7.2,112.4,217.63077,228.33905,228.4317
2025-11-11 18:00:00,-7.2,112.4,78.35564,82.464905,82.54778
2025-11-12 00:00:00,-7.2,112.4,42.164623,44.389484,44.42489
2025-11-12 00:00:00,-7.2,112.4,61.774868,65.11504,65.2849
2025-11-12 06:00:00,-7.2,112.4,32.145756,34.1717,34.243786
2025-11-12 06:00:00,-7.2,112.4,35.285385,37.35867,37.48065
2025-11-12 12:00:00,-7.2,112.4,118.56361,126.19063,128.63222
2025-11-12 12:00:00,-7.2,112.4,85.24819,90.6723,92.40358
2025-11-12 18:00:00,-7.2,112.4,84.86711,89.26554,90.04725
2025-11-12 18:00:00,-7.2,112.4,91.66064,97.23948,98.7734
2025-11-13 00:00:00,-7.2,112.4,73.83653,79.83067,82.34656
2025-11-13 00:00:00,-7.2,112.4,88.55187,95.25718,97.85248
2025-11-13 06:00:00,-7.2,112.4,23.19411,26.759323,28.924313
2025-11-13 06:00:00,-7.2,112.4,27.7361,32.490185,35.55595
2025-11-13 12:00:00,-7.2,112.4,57.659462,61.360367,62.433117
2025-11-13 12:00:00,-7.2,112.4,65.86129,70.4008,71.92369
2025-11-13 18:00:00,-7.2,112.4,68.15776,72.18665,73.1564
2025-11-13 18:00:00,-7.2,112.4,67.96961,71.825294,72.65584
2025-11-14 00:00:00,-7.2,112.4,86.81462,93.83319,96.84357
2025-11-14 00:00:00,-7.2,112.4,71.79961,77.965126,80.79422
2025-11-14 06:00:00,-7.2,112.4,22.612347,25.262093,26.649029
2025-11-14 06:00:00,-7.2,112.4,22.81163,25.049654,25.952372
2025-11-14 12:00:00,-7.2,112.4,57.668194,61.220306,62.188633
2025-11-14 12:00:00,-7.2,112.4,59.995613,63.63257,64.56514
2025-11-14 18:00:00,-7.2,112.4,79.15366,83.35917,84.09592
2025-11-14 18:00:00,-7.2,112.4,77.38322,81.88164,82.88663
2025-11-15 00:00:00,-7.2,112.4,41.140675,45.193443,47.20596
2025-11-15 00:00:00,-7.2,112.4,58.787086,64.4128,67.18483
2025-11-15 06:00:00,-7.2,112.4,25.07446,26.645819,26.78594
2025-11-15 06:00:00,-7.2,112.4,24.848135,26.61477,26.921146
2025-11-15 12:00:00,-7.2,112.4,84.47972,89.11991,90.13917
2025-11-15 12:00:00,-7.2,112.4,59.769547,63.407696,64.38614
2025-11-15 18:00:00,-7.2,112.4,128.36795,135.41972,136.91039
2025-11-15 18:00:00,-7.2,112.4,143.18375,151.64449,153.89156
2025-11-16 00:00:00,-7.2,112.4,103.72725,112.74364,116.865974
2025-11-16 00:00:00,-7.2,112.4,181.11154,192.82083,194.84662
2025-11-16 06:00:00,-7.2,112.4,42.823475,46.102196,46.636314
2025-11-16 06:00:00,-7.2,112.4,46.77133,50.84147,51.724247
2025-11-16 12:00:00,-7.2,112.4,89.39514,94.569145,94.990074
2025-11-16 12:00:00,-7.2,112.4,100.70761,107.02422,108.07878
2025-11-16 18:00:00,-7.2,112.4,167.69865,179.6355,183.8622
2025-11-16 18:00:00,-7.2,112.4,135.16893,144.9244,148.53935
2025-11-17 00:00:00,-7.2,112.4,135.55757,143.97171,145.36937
2025-11-17 00:00:00,-7.2,112.4,76.72514,81.19571,81.7908
2025-11-17 06:00:00,-7.2,112.4,46.48921,49.610287,49.784874
2025-11-17 06:00:00,-7.2,112.4,35.614216,38.014687,38.138927
2025-11-17 12:00:00,-7.2,112.4,70.449745,74.286446,74.55924
2025-11-17 12:00:00,-7.2,112.4,76.54006,80.33032,80.564064
2025-11-17 18:00:00,-7.2,112.4,124.86089,131.27704,131.69649
2025-11-17 18:00:00,-7.2,112.4,99.42284,104.733826,105.153786
2025-11-18 00:00:00,-7.2,112.4,110.49326,120.40613,125.25788
2025-11-18 00:00:00,-7.2,112.4,119.650734,130.41182,135.51704
2025-11-18 06:00:00,-7.2,112.4,41.291885,44.836246,45.57342
2025-11-18 06:00:00,-7.2,112.4,38.451065,42.028355,43.055687
2025-11-18 12:00:00,-7.2,112.4,54.493828,57.67704,58.081898
2025-11-18 12:00:00,-7.2,112.4,54.28761,57.473705,57.8374
2025-11-18 18:00:00,-7.2,112.4,75.24835,79.70442,80.304634
2025-11-18 18:00:00,-7.2,112.4,81.57724,86.457245,87.19002
2025-11-19 00:00:00,-7.2,112.4,94.91106,100.84932,101.9913
2025-11-19 00:00:00,-7.2,112.4,90.065384,95.949646,97.20912
2025-11-19 06:00:00,-7.2,112.4,38.603428,41.13478,41.282272
2025-11-19 06:00:00,-7.2,112.4,31.397303,33.75013,33.933567
2025-11-19 12:00:00,-7.2,112.4,52.186058,54.959763,54.95971
2025-11-19 12:00:00,-7.2,112.4,65.58656,69.369545,69.52706
2025-11-19 18:00:00,-7.2,112.4,71.89812,75.579636,75.59595
2025-11-19 18:00:00,-7.2,112.4,108.362656,114.127205,114.344574
2025-11-20 00:00:00,-7.2,112.4,74.451294,78.97654,79.60705
2025-11-20 00:00:00,-7.2,112.4,90.09591,96.45777,98.67557
2025-11-20 06:00:00,-7.2,112.4,30.706793,32.93116,32.98113
2025-11-20 06:00:00,-7.2,112.4,33.653545,35.7329,35.758385
2025-11-20 12:00:00,-7.2,112.4,84.33017,89.24718,89.53077
2025-11-20 12:00:00,-7.2,112.4,90.47648,95.36501,95.53611
2025-11-20 18:00:00,-7.2,112.4,151.30945,160.85426,162.92325
2025-11-20 18:00:00,-7.2,112.4,165.62427,177.4103,181.88411
2025-11-21 00:00:00,-7.2,112.4,139.92496,148.03947,148.17482
2025-11-21 00:00:00,-7.2,112.4,166.43434,175.47592,175.64917
2025-11-21 06:00:00,-7.2,112.4,24.750072,26.605755,26.813118
2025-11-21 06:00:00,-7.2,112.4,38.95105,41.82791,42.035313
2025-11-21 12:00:00,-7.2,112.4,57.8351,61.176083,61.312675
2025-11-21 12:00:00,-7.2,112.4,93.474625,98.00033,98.02113
2025-11-21 18:00:00,-7.2,112.4,137.91623,145.17497,145.84793
2025-11-21 18:00:00,-7.2,112.4,141.97719,150.70947,153.11894
2025-11-22 00:00:00,-7.2,112.4,94.49167,99.969666,100.65088
2025-11-22 00:00:00,-7.2,112.4,85.12524,90.21272,90.79679
2025-11-22 06:00:00,-7.2,112.4,30.569756,32.781094,33.10266
2025-11-22 06:00:00,-7.2,112.4,48.485264,52.185772,52.70083
2025-11-22 12:00:00,-7.2,112.4,84.34978,88.65328,88.92136
2025-11-22 12:00:00,-7.2,112.4,80.06242,84.35012,85.14678
2025-11-22 18:00:00,-7.2,112.4,138.33255,145.58696,146.206
2025-11-22 18:00:00,-7.2,112.4,115.78857,121.582504,121.89645
2025-11-23 00:00:00,-7.2,112.4,91.302635,96.38399,96.489944
2025-11-23 00:00:00,-7.2,112.4,110.78464,118.35516,120.77845
2025-11-23 06:00:00,-7.2,112.4,31.353342,34.23934,34.980564
2025-11-23 06:00:00,-7.2,112.4,35.92193,38.806698,39.42809
2025-11-23 12:00:00,-7.2,112.4,74.4111,78.97347,79.27497
2025-11-23 12:00:00,-7.2,112.4,74.208405,78.83938,79.102394
2025-11-23 18:00:00,-7.2,112.4,70.80177,74.8206,75.07123
2025-11-23 18:00:00,-7.2,112.4,116.562035,123.09732,123.42661
2025-11-24 00:00:00,-7.2,112.4,82.753845,90.34596,93.940056
2025-11-24 00:00:00,-7.2,112.4,72.604,79.37905,82.547615
2025-11-24 06:00:00,-7.2,112.4,47.65917,51.68876,52.521095
2025-11-24 06:00:00,-7.2,112.4,38.398003,42.55238,43.97875
2025-11-24 12:00:00,-7.2,112.4,73.142815,77.76043,78.38173
2025-11-24 12:00:00,-7.2,112.4,82.31956,87.48697,88.23741
2025-11-24 18:00:00,-7.2,112.4,140.99742,150.45253,153.4035
2025-11-24 18:00:00,-7.2,112.4,129.34634,138.19601,141.07507
2025-11-25 00:00:00,-7.2,112.4,104.2132,113.72271,118.218506
2025-11-25 00:00:00,-7.2,112.4,98.75686,107.90831,112.35022
2025-11-25 06:00:00,-7.2,112.4,25.713846,29.256626,30.72347
2025-11-25 06:00:00,-7.2,112.4,27.227695,31.199072,32.905754
2025-11-25 12:00:00,-7.2,112.4,86.736176,94.11724,97.15342
2025-11-25 12:00:00,-7.2,112.4,144.54924,155.0589,158.77448
2025-11-25 18:00:00,-7.2,112.4,120.09343,127.19346,127.90434
2025-11-25 18:00:00,-7.2,112.4,142.87524,153.00879,156.43462
2025-11-26 00:00:00,-7.2,112.4,102.27376,111.265594,115.33342
2025-11-26 00:00:00,-7.2,112.4,128.01411,139.37387,144.63103
2025-11-26 06:00:00,-7.2,112.4,22.316982,25.163012,26.45076
2025-11-26 06:00:00,-7.2,112.4,21.189295,23.763779,24.893063
2025-11-26 12:00:00,-7.2,112.4,49.714355,52.763577,53.627956
2025-11-26 12:00:00,-7.2,112.4,75.10096,80.76438,82.75737
2025-11-26 18:00:00,-7.2,112.4,67.024704,70.95736,71.82689
2025-11-26 18:00:00,-7.2,112.4,94.214386,100.32164,101.96766
2025-11-27 00:00:00,-7.2,112.4,52.632973,58.037426,60.612934
2025-11-27 00:00:00,-7.2,112.4,54.834805,60.375668,63.01218
2025-11-27 06:00:00,-7.2,112.4,35.954914,39.727245,40.91508
2025-11-27 06:00:00,-7.2,112.4,33.881275,36.632893,37.073475
2025-11-27 12:00:00,-7.2,112.4,86.51722,91.52962,92.07867
2025-11-27 12:00:00,-7.2,112.4,91.561676,97.078384,97.55831
2025-11-27 18:00:00,-7.2,112.4,133.39166,141.36702,142.4292
2025-11-27 18:00:00,-7.2,112.4,137.68896,147.65459,151.14221
2025-11-28 00:00:00,-7.2,112.4,71.005844,79.65866,84.29663
2025-11-28 00:00:00,-7.2,112.4,112.61898,120.77606,122.67867
2025-11-28 06:00:00,-7.2,112.4,26.80691,30.711903,32.356995
2025-11-28 06:00:00,-7.2,112.4,30.449503,35.216686,37.262913
2025-11-28 12:00:00,-7.2,112.4,78.95818,84.52315,85.6337
2025-11-28 12:00:00,-7.2,112.4,51.64501,56.441338,58.17472
2025-11-28 18:00:00,-7.2,112.4,72.610985,78.46717,80.664566
2025-11-28 18:00:00,-7.2,112.4,60.209686,65.16405,66.951996
2025-11-29 00:00:00,-7.2,112.4,54.12511,59.93621,62.65293
2025-11-29 00:00:00,-7.2,112.4,58.66927,65.292,68.47608
2025-11-29 06:00:00,-7.2,112.4,32.564075,37.414936,39.487312
2025-11-29 06:00:00,-7.2,112.4,28.370668,33.399364,35.76752
2025-11-29 12:00:00,-7.2,112.4,103.26903,110.766335,112.3671
2025-11-29 12:00:00,-7.2,112.4,149.40952,162.21776,167.06439
2025-11-29 18:00:00,-7.2,112.4,135.17632,146.14813,150.4144
2025-11-29 18:00:00,-7.2,112.4,104.08195,112.79871,116.1398
2025-11-30 00:00:00,-7.2,112.4,111.55856,123.277405,129.22885
2025-11-30 00:00:00,-7.2,112.4,124.6583,136.85928,142.86388
2025-11-30 06:00:00,-7.2,112.4,51.78772,56.79933,57.978535
2025-11-30 06:00:00,-7.2,112.4,40.41684,43.9066,44.63786
2025-11-30 12:00:00,-7.2,112.4,77.231224,81.827354,82.213715
2025-11-30 12:00:00,-7.2,112.4,148.35745,158.7382,161.22704
2025-11-30 18:00:00,-7.2,112.4,89.50849,96.6765,99.56227
2025-11-30 18:00:00,-7.2,112.4,72.67335,77.64112,78.47399
2025-12-01 00:00:00,-7.2,112.4,72.472404,79.692314,82.90601
2025-12-01 00:00:00,-7.2,112.4,54.39148,58.54992,59.607716
2025-12-01 06:00:00,-7.2,112.4,42.6417,47.517387,49.10416
2025-12-01 06:00:00,-7.2,112.4,32.790607,35.8444,36.500195
2025-12-01 12:00:00,-7.2,112.4,110.11195,117.29725,118.405525
2025-12-01 12:00:00,-7.2,112.4,93.02676,98.86031,99.6223
2025-12-01 18:00:00,-7.2,112.4,97.057526,103.30268,104.32882
2025-12-01 18:00:00,-7.2,112.4,135.52898,143.55566,144.6121
2025-12-02 00:00:00,-7.2,112.4,110.112976,117.41685,118.70378
2025-12-02 00:00:00,-7.2,112.4,135.36578,145.3667,148.45154
2025-12-02 06:00:00,-7.2,112.4,40.08113,43.673172,44.38347
2025-12-02 06:00:00,-7.2,112.4,40.977787,44.945705,45.90293
2025-12-02 12:00:00,-7.2,112.4,66.48691,70.29394,70.56803
2025-12-02 12:00:00,-7.2,112.4,62.91913,66.2223,66.2792
2025-12-02 18:00:00,-7.2,112.4,80.565994,85.10779,85.597435
2025-12-02 18:00:00,-7.2,112.4,86.112946,91.06765,91.83748
2025-12-03 00:00:00,-7.2,112.4,91.64228,99.3615,102.85106
2025-12-03 00:00:00,-7.2,112.4,80.96964,87.1716,89.63468
2025-12-03 06:00:00,-7.2,112.4,44.15955,47.313465,47.5769
2025-12-03 06:00:00,-7.2,112.4,50.49968,54.266113,54.429394
2025-12-03 12:00:00,-7.2,112.4,181.64798,191.5089,191.62462
2025-12-03 12:00:00,-7.2,112.4,116.51861,122.453,122.454025
2025-12-03 18:00:00,-7.2,112.4,162.12949,170.18721,170.39758
2025-12-03 18:00:00,-7.2,112.4,64.300934,68.21688,68.297935
2025-12-04 00:00:00,-7.2,112.4,80.59049,85.086075,85.11057
2025-12-04 00:00:00,-7.2,112.4,85.31879,90.223976,90.31396
2025-12-04 06:00:00,-7.2,112.4,42.258793,45.13165,45.1662
2025-12-04 06:00:00,-7.2,112.4,39.972836,42.766586,42.81723
2025-12-04 12:00:00,-7.2,112.4,60.254818,63.6594,63.769848
2025-12-04 12:00:00,-7.2,112.4,62.295273,65.430244,65.498795
2025-12-04 18:00:00,-7.2,112.4,129.11159,135.52,135.63243
2025-12-04 18:00:00,-7.2,112.4,112.098236,118.936615,120.619064
2025-12-05 00:00:00,-7.2,112.4,74.70016,80.89881,83.84967
2025-12-05 00:00:00,-7.2,112.4,91.30565,98.1106,100.519966
2025-12-05 06:00:00,-7.2,112.4,35.742596,38.055744,38.201214
2025-12-05 06:00:00,-7.2,112.4,42.13189,45.6149,46.275715
2025-12-05 12:00:00,-7.2,112.4,51.936035,54.915234,55.13806
2025-12-05 12:00:00,-7.2,112.4,64.71328,68.443565,68.85614
2025-12-05 18:00:00,-7.2,112.4,100.79919,106.12785,106.572426
2025-12-05 18:00:00,-7.2,112.4,96.566734,101.72039,102.28285
2025-12-06 00:00:00,-7.2,112.4,74.48887,79.385925,80.37597
2025-12-06 00:00:00,-7.2,112.4,69.323105,74.94771,77.24003
2025-12-06 06:00:00,-7.2,112.4,52.881214,56.72711,56.908997
2025-12-06 06:00:00,-7.2,112.4,43.92057,46.97701,47.089264
2025-12-06 12:00:00,-7.2,112.4,70.52722,74.741936,74.90809
2025-12-06 12:00:00,-7.2,112.4,64.71623,68.14048,68.28253
2025-12-06 18:00:00,-7.2,112.4,115.505486,123.47636,126.35854
2025-12-06 18:00:00,-7.2,112.4,55.462376,58.474358,58.811962
2025-12-07 00:00:00,-7.2,112.4,82.60491,87.73361,88.69699
2025-12-07 00:00:00,-7.2,112.4,112.5552,120.46286,122.938675
2025-12-07 06:00:00,-7.2,112.4,39.069656,41.692314,41.794865
2025-12-07 06:00:00,-7.2,112.4,61.61247,66.26829,66.762535
2025-12-07 12:00:00,-7.2,112.4,83.43233,88.43028,88.94113
2025-12-07 12:00:00,-7.2,112.4,131.70586,139.0929,139.66786
2025-12-07 18:00:00,-7.2,112.4,68.30942,72.10417,72.49156
2025-12-07 18:00:00,-7.2,112.4,116.99831,123.411835,123.958046
2025-12-08 00:00:00,-7.2,112.4,58.68563,64.55076,67.48547
2025-12-08 00:00:00,-7.2,112.4,55.476192,61.029026,63.887283
2025-12-08 06:00:00,-7.2,112.4,37.51294,40.688263,41.83211
2025-12-08 06:00:00,-7.2,112.4,33.362946,36.359497,37.40673
2025-12-08 12:00:00,-7.2,112.4,70.70719,75.22936,76.6413
2025-12-08 12:00:00,-7.2,112.4,57.26864,60.95695,62.069717
2025-12-08 18:00:00,-7.2,112.4,67.89867,71.52056,72.18267
2025-12-08 18:00:00,-7.2,112.4,30.226007,31.907892,32.22864
2025-12-09 00:00:00,-7.2,112.4,29.463972,31.122362,31.504942
2025-12-09 00:00:00,-7.2,112.4,30.103249,32.045696,32.65574
2025-12-09 06:00:00,-7.2,112.4,18.445538,19.796862,20.113922
2025-12-09 06:00:00,-7.2,112.4,22.376135,23.933691,24.243832
2025-12-09 12:00:00,-7.2,112.4,57.078835,60.21355,60.921253
2025-12-09 12:00:00,-7.2,112.4,43.45153,46.173958,46.979027
2025-12-09 18:00:00,-7.2,112.4,64.981125,68.764565,69.680084
2025-12-09 18:00:00,-7.2,112.4,70.5702,74.58874,75.56622
2025-12-10 00:00:00,-7.2,112.4,84.30737,92.27858,96.34908
2025-12-10 00:00:00,-7.2,112.4,72.541016,78.206825,80.70521
2025-12-10 06:00:00,-7.2,112.4,33.719147,37.461765,38.913864
2025-12-10 06:00:00,-7.2,112.4,30.580416,33.65144,34.797592
2025-12-10 12:00:00,-7.2,112.4,53.79255,56.810593,57.034286
2025-12-10 12:00:00,-7.2,112.4,38.51494,40.946854,41.38942
2025-12-10 18:00:00,-7.2,112.4,96.30935,103.37146,106.16765
2025-12-10 18:00:00,-7.2,112.4,89.06267,95.01434,96.94839
2025-12-11 00:00:00,-7.2,112.4,82.690125,90.507965,94.36815
2025-12-11 00:00:00,-7.2,112.4,81.31741,88.43819,91.6425
2025-12-11 06:00:00,-7.2,112.4,34.702843,38.86649,40.933357
2025-12-11 06:00:00,-7.2,112.4,26.344402,30.155231,32.294384
2025-12-11 12:00:00,-7.2,112.4,72.50759,78.09285,80.22431
2025-12-11 12:00:00,-7.2,112.4,59.167877,63.48415,64.9905
2025-12-11 18:00:00,-7.2,112.4,148.76833,158.27783,161.11488
2025-12-11 18:00:00,-7.2,112.4,109.24419,116.66424,119.003456
2025-12-12 00:00:00,-7.2,112.4,77.440575,84.870575,88.34383
2025-12-12 00:00:00,-7.2,112.4,114.88447,124.578606,128.85408
2025-12-12 06:00:00,-7.2,112.4,26.210114,30.861525,33.954433
2025-12-12 06:00:00,-7.2,112.4,24.149319,29.169836,32.84338
2025-12-12 12:00:00,-7.2,112.4,52.37198,56.3115,57.703217
2025-12-12 12:00:00,-7.2,112.4,67.246445,72.840805,75.2018
2025-12-12 18:00:00,-7.2,112.4,91.0336,96.23398,96.764435
2025-12-12 18:00:00,-7.2,112.4,49.416035,52.663216,52.962616
2025-12-13 00:00:00,-7.2,112.4,88.73974,94.25901,95.23211
2025-12-13 00:00:00,-7.2,112.4,103.96553,112.68639,116.566185
2025-12-13 06:00:00,-7.2,112.4,32.150146,35.81149,37.268707
2025-12-13 06:00:00,-7.2,112.4,31.673416,35.219357,36.568844
2025-12-13 12:00:00,-7.2,112.4,79.763596,85.20362,86.07782
2025-12-13 12:00:00,-7.2,112.4,66.94682,71.79,72.62929
2025-12-13 18:00:00,-7.2,112.4,44.684185,47.949696,48.689342
2025-12-13 18:00:00,-7.2,112.4,64.19515,68.208694,68.762405
2025-12-14 00:00:00,-7.2,112.4,45.753796,50.84615,53.45588
2025-12-14 00:00:00,-7.2,112.4,45.09148,50.081398,52.557327
2025-12-14 06:00:00,-7.2,112.4,20.634243,23.367552,24.720264
2025-12-14 06:00:00,-7.2,112.4,22.882368,24.887058,25.510431
2025-12-14 12:00:00,-7.2,112.4,39.74115,42.062515,42.256523
2025-12-14 12:00:00,-7.2,112.4,54.46067,58.68642,60.193146
2025-12-14 18:00:00,-7.2,112.4,59.403305,63.369953,64.53871
2025-12-14 18:00:00,-7.2,112.4,53.78418,57.417324,58.491135
2025-12-15 00:00:00,-7.2,112.4,57.07592,60.647552,61.04068
2025-12-15 00:00:00,-7.2,112.4,41.508053,43.731388,43.7437
2025-12-15 06:00:00,-7.2,112.4,25.085886,27.758026,29.091293
2025-12-15 06:00:00,-7.2,112.4,23.183687,27.170837,29.827404
2025-12-15 12:00:00,-7.2,112.4,53.895042,57.08464,57.406876
2025-12-15 12:00:00,-7.2,112.4,132.89798,142.10002,145.44446
2025-12-15 18:00:00,-7.2,112.4,82.49014,88.468315,90.77269
2025-12-15 18:00:00,-7.2,112.4,127.178,135.31314,137.77026
2025-12-16 00:00:00,-7.2,112.4,76.46616,83.432724,86.650406
2025-12-16 00:00:00,-7.2,112.4,87.605545,95.29174,98.72423
2025-12-16 06:00:00,-7.2,112.4,17.816359,21.637455,24.139404
2025-12-16 06:00:00,-7.2,112.4,18.7767,21.905241,23.825272
2025-12-16 12:00:00,-7.2,112.4,92.705765,100.32062,103.59901
2025-12-16 12:00:00,-7.2,112.4,88.93648,96.22334,99.338646
2025-12-16 18:00:00,-7.2,112.4,102.69321,109.562225,111.790596
2025-12-16 18:00:00,-7.2,112.4,70.38273,74.76052,75.41019
2025-12-17 00:00:00,-7.2,112.4,80.4958,88.28806,91.996925
2025-12-17 00:00:00,-7.2,112.4,81.203896,88.615364,92.13045
2025-12-17 06:00:00,-7.2,112.4,15.309382,18.139545,20.058725
2025-12-17 06:00:00,-7.2,112.4,15.964343,17.498074,18.084211
2025-12-17 12:00:00,-7.2,112.4,79.80554,85.25734,87.18445
2025-12-17 12:00:00,-7.2,112.4,68.72847,73.685104,75.402626
2025-12-17 18:00:00,-7.2,112.4,104.42386,111.30163,113.57793
2025-12-17 18:00:00,-7.2,112.4,93.292725,98.92352,99.922264
2025-12-18 00:00:00,-7.2,112.4,102.54024,109.84457,112.17935
2025-12-18 00:00:00,-7.2,112.4,70.712875,75.44259,76.01119
2025-12-18 06:00:00,-7.2,112.4,61.09025,66.52249,67.363655
2025-12-18 06:00:00,-7.2,112.4,32.963543,36.081802,37.02357
2025-12-18 12:00:00,-7.2,112.4,65.41473,69.18197,69.371254
2025-12-18 12:00:00,-7.2,112.4,62.17692,66.28335,66.584564
2025-12-18 18:00:00,-7.2,112.4,153.64987,161.77472,162.49243
2025-12-18 18:00:00,-7.2,112.4,140.91893,148.26793,148.4919
2025-12-19 00:00:00,-7.2,112.4,52.811333,55.77342,55.879444
2025-12-19 00:00:00,-7.2,112.4,57.410263,60.5354,60.794662
2025-12-19 06:00:00,-7.2,112.4,28.482752,30.529503,30.628702
2025-12-19 06:00:00,-7.2,112.4,39.27942,41.707066,41.768456
2025-12-19 12:00:00,-7.2,112.4,109.22082,117.36978,120.61258
2025-12-19 12:00:00,-7.2,112.4,42.204178,44.862217,45.37377
2025-12-19 18:00:00,-7.2,112.4,58.404728,62.87644,64.60596
2025-12-19 18:00:00,-7.2,112.4,97.899315,104.66096,106.9659
2025-12-20 00:00:00,-7.2,112.4,68.28958,73.86057,75.88727
2025-12-20 00:00:00,-7.2,112.4,49.7306,54.365597,56.654316
2025-12-20 06:00:00,-7.2,112.4,27.634296,29.899141,30.270502
2025-12-20 06:00:00,-7.2,112.4,36.319588,38.41302,38.423557
2025-12-20 12:00:00,-7.2,112.4,66.750946,70.0594,70.10306
2025-12-20 12:00:00,-7.2,112.4,54.82761,57.60868,57.60916
2025-12-20 18:00:00,-7.2,112.4,94.99235,100.720055,102.24045
2025-12-20 18:00:00,-7.2,112.4,136.9794,145.04411,147.1359
2025-12-21 00:00:00,-7.2,112.4,90.49319,97.349525,100.21665
2025-12-21 00:00:00,-7.2,112.4,77.446205,82.50072,83.880196
2025-12-21 06:00:00,-7.2,112.4,29.883623,31.528622,31.563463
2025-12-21 06:00:00,-7.2,112.4,31.07338,32.792393,32.819214
2025-12-21 12:00:00,-7.2,112.4,55.78919,58.528423,58.550434
2025-12-21 12:00:00,-7.2,112.4,66.60196,70.41922,71.31234
2025-12-21 18:00:00,-7.2,112.4,72.50668,76.31632,76.85731
2025-12-21 18:00:00,-7.2,112.4,58.822453,62.077106,62.722164
2025-12-22 00:00:00,-7.2,112.4,57.348972,61.879803,63.81015
2025-12-22 00:00:00,-7.2,112.4,57.21103,61.918343,64.126656
2025-12-22 06:00:00,-7.2,112.4,24.975481,26.829948,27.205246
2025-12-22 06:00:00,-7.2,112.4,18.484858,19.55788,19.672562
2025-12-22 12:00:00,-7.2,112.4,32.90716,34.645866,34.69842
2025-12-22 12:00:00,-7.2,112.4,47.484158,50.08993,50.157917
2025-12-22 18:00:00,-7.2,112.4,54.446693,57.71741,58.538277
2025-12-22 18:00:00,-7.2,112.4,45.206085,48.030365,48.809574
2025-12-23 00:00:00,-7.2,112.4,46.848278,50.662334,52.361248
2025-12-23 00:00:00,-7.2,112.4,44.592575,48.08281,49.66547
2025-12-23 06:00:00,-7.2,112.4,20.191841,21.82714,22.41551
2025-12-23 06:00:00,-7.2,112.4,15.109396,16.185293,16.500685
2025-12-23 12:00:00,-7.2,112.4,41.03839,43.542397,44.261307
2025-12-23 12:00:00,-7.2,112.4,55.761684,59.1761,60.148693
2025-12-23 18:00:00,-7.2,112.4,58.13704,61.806988,62.839092
2025-12-23 18:00:00,-7.2,112.4,49.45567,52.48432,53.162052
2025-12-24 00:00:00,-7.2,112.4,94.141624,101.73619,104.91368
2025-12-24 00:00:00,-7.2,112.4,66.05012,71.40824,73.69959
2025-12-24 06:00:00,-7.2,112.4,30.180922,32.400806,32.85938
2025-12-24 06:00:00,-7.2,112.4,23.634424,25.417017,25.898289
2025-12-24 12:00:00,-7.2,112.4,41.812504,44.236305,44.401886
2025-12-24 12:00:00,-7.2,112.4,39.68885,41.53322,41.585464
2025-12-24 18:00:00,-7.2,112.4,73.94891,78.60603,79.94504
2025-12-24 18:00:00,-7.2,112.4,107.90171,113.63784,114.73503
2025-12-25 00:00:00,-7.2,112.4,81.54433,87.73651,90.01155
2025-12-25 00:00:00,-7.2,112.4,62.951073,67.96529,69.881256
2025-12-25 06:00:00,-7.2,112.4,26.355246,28.609734,29.117811
2025-12-25 06:00:00,-7.2,112.4,26.504805,28.687445,29.164177
2025-12-25 12:00:00,-7.2,112.4,41.39085,43.697582,43.848267
2025-12-25 12:00:00,-7.2,112.4,51.535275,54.256744,54.58047
2025-12-25 18:00:00,-7.2,112.4,67.52333,71.38846,72.25748
2025-12-25 18:00:00,-7.2,112.4,88.51339,93.56478,94.83051
2025-12-26 00:00:00,-7.2,112.4,63.645927,68.821236,71.12675
2025-12-26 00:00:00,-7.2,112.4,76.07781,81.979866,84.48148
2025-12-26 06:00:00,-7.2,112.4,20.35506,21.82044,22.151028
2025-12-26 06:00:00,-7.2,112.4,19.95038,21.357004,21.68775
2025-12-26 12:00:00,-7.2,112.4,34.545216,36.545006,37.046223
2025-12-26 12:00:00,-7.2,112.4,44.47919,47.374496,48.264362
2025-12-26 18:00:00,-7.2,112.4,46.015648,48.55846,49.08883
2025-12-26 18:00:00,-7.2,112.4,44.726105,47.101017,47.55384
2025-12-27 00:00:00,-7.2,112.4,42.01721,45.018345,46.17814
2025-12-27 00:00:00,-7.2,112.4,42.98517,46.33698,47.69104
2025-12-27 06:00:00,-7.2,112.4,17.085388,18.13719,18.355116
2025-12-27 06:00:00,-7.2,112.4,19.484283,21.199436,21.916119
2025-12-27 12:00:00,-7.2,112.4,43.90976,46.405304,47.03122
2025-12-27 12:00:00,-7.2,112.4,59.295856,64.00978,66.11799
2025-12-27 18:00:00,-7.2,112.4,62.45796,65.83014,66.54295
2025-12-27 18:00:00,-7.2,112.4,80.15297,85.52189,87.473724
2025-12-28 00:00:00,-7.2,112.4,92.87038,100.62411,104.27721
2025-12-28 00:00:00,-7.2,112.4,68.8741,74.55088,77.14937
2025-12-28 06:00:00,-7.2,112.4,21.221752,23.35598,24.702127
2025-12-28 06:00:00,-7.2,112.4,22.8471,24.867142,25.99495
2025-12-28 12:00:00,-7.2,112.4,52.483135,55.928093,56.893475
2025-12-28 12:00:00,-7.2,112.4,80.08305,85.54088,87.55756
2025-12-28 18:00:00,-7.2,112.4,58.03962,62.29959,64.47715
2025-12-28 18:00:00,-7.2,112.4,65.4826,71.132034,74.44436
2025-12-29 00:00:00,-7.2,112.4,57.683125,64.573044,69.03565
2025-12-29 00:00:00,-7.2,112.4,79.23557,87.96235,93.619804
2025-12-29 06:00:00,-7.2,112.4,22.013205,27.18136,32.089558
2025-12-29 06:00:00,-7.2,112.4,20.597998,24.511486,28.184387
2025-12-29 12:00:00,-7.2,112.4,61.225307,66.62208,69.74244
2025-12-29 12:00:00,-7.2,112.4,43.796036,47.92252,50.800827
2025-12-29 18:00:00,-7.2,112.4,86.826675,94.5987,99.38293
2025-12-29 18:00:00,-7.2,112.4,113.065765,120.897484,124.35476
2025-12-30 00:00:00,-7.2,112.4,89.32938,98.88351,104.3266
2025-12-30 00:00:00,-7.2,112.4,101.19101,111.32352,117.241936
2025-12-30 06:00:00,-7.2,112.4,27.986261,33.40754,37.61994
2025-12-30 06:00:00,-7.2,112.4,34.032276,39.916943,44.05764
2025-12-30 12:00:00,-7.2,112.4,98.59155,108.50431,114.10873
2025-12-30 12:00:00,-7.2,112.4,77.92528,84.6905,87.9835
2025-12-30 18:00:00,-7.2,112.4,115.28289,125.163635,130.25635
2025-12-30 18:00:00,-7.2,112.4,45.65206,49.473507,51.221497
2025-12-31 00:00:00,-7.2,112.4,42.847733,46.619064,48.492615
2025-12-31 00:00:00,-7.2,112.4,43.501522,46.964897,48.419426
2025-12-31 06:00:00,-7.2,112.4,29.538008,32.30708,33.2732
2025-12-31 06:00:00,-7.2,112.4,29.249016,31.540012,31.973202
2025-12-31 12:00:00,-7.2,112.4,50.9268,53.650238,53.73641
2025-12-31 12:00:00,-7.2,112.4,82.555115,86.749596,86.8647
2025-12-31 18:00:00,-7.2,112.4,57.27311,60.177795,60.25647
2025-12-31 18:00:00,-7.2,112.4,75.39319,80.06111,81.28342
2026-01-01 00:00:00,-7.2,112.4,70.46657,74.94407,76.06826
2026-01-01 00:00:00,-7.2,112.4,72.31785,77.57905,79.53781
2026-01-01 06:00:00,-7.2,112.4,23.65367,25.202066,25.329897
2026-01-01 06:00:00,-7.2,112.4,32.941338,35.31738,35.57771
2026-01-01 12:00:00,-7.2,112.4,56.547253,59.83577,60.286312
2026-01-01 12:00:00,-7.2,112.4,60.58025,63.976246,64.12921
2026-01-01 18:00:00,-7.2,112.4,55.77545,58.852478,59.139835
2026-01-01 18:00:00,-7.2,112.4,91.267624,96.999374,98.65499
2026-01-02 00:00:00,-7.2,112.4,46.39582,50.26379,52.02678
2026-01-02 00:00:00,-7.2,112.4,53.257225,57.21347,58.77538
2026-01-02 06:00:00,-7.2,112.4,38.134403,40.49015,40.56543
2026-01-02 06:00:00,-7.2,112.4,24.574196,26.092213,26.193188
2026-01-02 12:00:00,-7.2,112.4,58.39316,61.805508,62.08961
2026-01-02 12:00:00,-7.2,112.4,59.304688,62.959145,63.161396
2026-01-02 18:00:00,-7.2,112.4,68.12934,71.76732,72.05341
2026-01-02 18:00:00,-7.2,112.4,103.8344,109.53454,110.15112
2026-01-03 00:00:00,-7.2,112.4,101.97414,109.05461,111.29896
2026-01-03 00:00:00,-7.2,112.4,110.71319,119.10692,122.14923
2026-01-03 06:00:00,-7.2,112.4,46.2906,49.485703,49.961338
2026-01-03 06:00:00,-7.2,112.4,43.233032,47.033234,48.195232
2026-01-03 12:00:00,-7.2,112.4,85.23108,90.12752,90.77985
2026-01-03 12:00:00,-7.2,112.4,46.281696,48.833164,48.966824
2026-01-03 18:00:00,-7.2,112.4,70.08003,75.02535,76.85594
2026-01-03 18:00:00,-7.2,112.4,80.42883,85.49097,86.767044
2026-01-04 00:00:00,-7.2,112.4,67.23081,72.27504,74.185036
2026-01-04 00:00:00,-7.2,112.4,60.215088,63.85443,64.49107
2026-01-04 06:00:00,-7.2,112.4,29.9564,31.766096,31.881544
2026-01-04 06:00:00,-7.2,112.4,31.169601,33.074764,33.20233
2026-01-04 12:00:00,-7.2,112.4,85.40371,90.21693,91.19117
2026-01-04 12:00:00,-7.2,112.4,51.482418,54.19735,54.5536
2026-01-04 18:00:00,-7.2,112.4,76.070595,80.48511,81.40063
2026-01-04 18:00:00,-7.2,112.4,159.25014,167.68234,169.24986
2026-01-05 00:00:00,-7.2,112.4,77.85706,82.123276,82.22213
2026-01-05 00:00:00,-7.2,112.4,91.80837,96.65621,96.725784
2026-01-05 06:00:00,-7.2,112.4,32.471672,34.799755,35.181816
2026-01-05 06:00:00,-7.2,112.4,31.174587,33.594902,34.02766
2026-01-05 12:00:00,-7.2,112.4,97.220436,104.173355,106.56862
2026-01-05 12:00:00,-7.2,112.4,78.06835,83.10724,84.52264
2026-01-05 18:00:00,-7.2,112.4,55.59854,59.381557,59.515175
2026-01-05 18:00:00,-7.2,112.4,53.457375,56.901276,57.035145
2026-01-06 00:00:00,-7.2,112.4,59.07374,62.93641,63.189022
2026-01-06 00:00:00,-7.2,112.4,75.192986,79.9809,80.385345
2026-01-06 06:00:00,-7.2,112.4,21.213562,25.31581,27.972277
2026-01-06 06:00:00,-7.2,112.4,15.203081,18.743855,21.162954
2026-01-06 12:00:00,-7.2,112.4,60.556202,65.5848,67.57722
2026-01-06 12:00:00,-7.2,112.4,42.28389,45.672775,46.906033
2026-01-06 18:00:00,-7.2,112.4,68.087616,72.280785,72.54784
2026-01-06 18:00:00,-7.2,112.4,85.37961,90.779564,92.07241
2026-01-07 00:00:00,-7.2,112.4,66.97547,72.89009,75.5416
2026-01-07 00:00:00,-7.2,112.4,65.63016,70.46685,71.99805
2026-01-07 06:00:00,-7.2,112.4,20.894575,23.069273,23.95037
2026-01-07 06:00:00,-7.2,112.4,20.896935,24.210789,26.202318
2026-01-07 12:00:00,-7.2,112.4,56.026478,59.676098,60.794266
2026-01-07 12:00:00,-7.2,112.4,73.192894,78.02532,79.69203
2026-01-07 18:00:00,-7.2,112.4,75.78052,80.38569,81.693825
2026-01-07 18:00:00,-7.2,112.4,174.79192,183.9349,185.65771
2026-01-08 00:00:00,-7.2,112.4,62.15856,66.121,66.587975
2026-01-08 00:00:00,-7.2,112.4,93.550285,101.151726,104.223885
2026-01-08 06:00:00,-7.2,112.4,32.73412,35.435474,35.901913
2026-01-08 06:00:00,-7.2,112.4,43.964405,47.513817,48.269897
2026-01-08 12:00:00,-7.2,112.4,62.82869,66.27908,66.86298
2026-01-08 12:00:00,-7.2,112.4,62.416462,65.830765,66.1243
2026-01-08 18:00:00,-7.2,112.4,36.883953,38.974556,39.159645
2026-01-08 18:00:00,-7.2,112.4,39.85056,42.34497,42.997818
2026-01-09 00:00:00,-7.2,112.4,55.77673,59.01815,59.335815
2026-01-09 00:00:00,-7.2,112.4,52.77346,55.81027,56.156635
2026-01-09 06:00:00,-7.2,112.4,26.552492,28.078304,28.219738
2026-01-09 06:00:00,-7.2,112.4,22.990963,24.38879,24.55309
2026-01-09 12:00:00,-7.2,112.4,31.733953,33.58129,33.696266
2026-01-09 12:00:00,-7.2,112.4,43.301327,45.528114,45.548874
2026-01-09 18:00:00,-7.2,112.4,37.087917,39.418854,39.732635
2026-01-09 18:00:00,-7.2,112.4,30.621677,32.174934,32.241737
2026-01-10 00:00:00,-7.2,112.4,29.907295,31.904606,32.539925
2026-01-10 00:00:00,-7.2,112.4,17.290346,18.546768,19.05301
2026-01-10 06:00:00,-7.2,112.4,17.669336,18.631454,18.686346
2026-01-10 06:00:00,-7.2,112.4,20.988142,22.27678,22.373417
2026-01-10 12:00:00,-7.2,112.4,35.453407,37.226646,37.2833
2026-01-10 12:00:00,-7.2,112.4,42.622375,44.89338,45.096294
2026-01-10 18:00:00,-7.2,112.4,33.93953,35.93592,36.167988
2026-01-10 18:00:00,-7.2,112.4,42.709732,45.12065,45.63076
2026-01-11 00:00:00,-7.2,112.4,44.543922,47.239807,47.64585
2026-01-11 00:00:00,-7.2,112.4,34.210163,36.217964,36.491894
2026-01-11 06:00:00,-7.2,112.4,15.814102,16.99712,17.265549
2026-01-11 06:00:00,-7.2,112.4,22.726614,24.745975,25.385262
2026-01-11 12:00:00,-7.2,112.4,17.874952,19.47036,20.211378
2026-01-11 12:00:00,-7.2,112.4,23.991766,25.767666,26.394478
2026-01-11 18:00:00,-7.2,112.4,26.766373,28.753086,29.504942
2026-01-11 18:00:00,-7.2,112.4,15.218024,16.49169,17.034918
2026-01-12 00:00:00,-7.2,112.4,16.324162,18.163647,19.133076
2026-01-12 00:00:00,-7.2,112.4,18.933601,20.865479,21.829073
2026-01-12 06:00:00,-7.2,112.4,13.817779,15.28883,15.646094
2026-01-12 06:00:00,-7.2,112.4,11.210361,12.164304,12.359187
2026-01-12 12:00:00,-7.2,112.4,17.474346,18.659758,18.92997
2026-01-12 12:00:00,-7.2,112.4,19.479647,20.939903,21.37314
2026-01-12 18:00:00,-7.2,112.4,27.74114,29.446106,29.662516
2026-01-12 18:00:00,-7.2,112.4,17.644802,19.377407,20.150442
2026-01-13 00:00:00,-7.2,112.4,31.596077,33.91554,34.406387
2026-01-13 00:00:00,-7.2,112.4,26.144129,27.77396,27.93942
2026-01-13 06:00:00,-7.2,112.4,20.845291,22.81381,23.187983
2026-01-13 06:00:00,-7.2,112.4,17.885742,19.607565,19.980963
2026-01-13 12:00:00,-7.2,112.4,23.690746,25.120655,25.274498
2026-01-13 12:00:00,-7.2,112.4,24.96422,26.678919,27.040506
2026-01-13 18:00:00,-7.2,112.4,22.877003,24.506136,24.854511
2026-01-13 18:00:00,-7.2,112.4,23.87227,25.57368,25.898026
2026-01-14 00:00:00,-7.2,112.4,20.780813,22.222923,22.432583
2026-01-14 00:00:00,-7.2,112.4,20.869774,22.372564,22.6354
2026-01-14 06:00:00,-7.2,112.4,22.666437,24.63437,24.854792
2026-01-14 06:00:00,-7.2,112.4,15.628391,16.83441,16.976326
2026-01-14 12:00:00,-7.2,112.4,22.731487,24.102118,24.278973
2026-01-14 12:00:00,-7.2,112.4,33.71182,36.212288,36.857536
2026-01-14 18:00:00,-7.2,112.4,18.745996,19.975204,20.124247
2026-01-14 18:00:00,-7.2,112.4,22.042414,23.829674,24.45926
2026-01-15 00:00:00,-7.2,112.4,13.9284315,14.839447,14.966051
2026-01-15 00:00:00,-7.2,112.4,29.687754,31.677534,32.02433
2026-01-15 06:00:00,-7.2,112.4,23.773012,25.820107,26.065113
2026-01-15 06:00:00,-7.2,112.4,20.739655,22.581581,22.87127
2026-01-15 12:00:00,-7.2,112.4,26.572718,28.048166,28.166742
2026-01-15 12:00:00,-7.2,112.4,29.229618,30.765385,30.836525
2026-01-15 18:00:00,-7.2,112.4,22.245676,24.165474,24.922642
2026-01-15 18:00:00,-7.2,112.4,22.305738,24.197878,24.891104
2026-01-16 00:00:00,-7.2,112.4,27.283775,30.695084,32.486942
2026-01-16 00:00:00,-7.2,112.4,21.760464,23.908314,24.66146
2026-01-16 06:00:00,-7.2,112.4,17.382593,19.267994,19.766785
2026-01-16 06:00:00,-7.2,112.4,22.324415,24.774319,25.39377
2026-01-16 12:00:00,-7.2,112.4,30.685562,32.75751,33.03533
2026-01-16 12:00:00,-7.2,112.4,26.337088,27.657824,27.660831
2026-01-16 18:00:00,-7.2,112.4,38.88761,41.40649,41.791637
2026-01-16 18:00:00,-7.2,112.4,23.635582,25.254852,25.550644
2026-01-17 00:00:00,-7.2,112.4,21.09295,22.21546,22.376234
2026-01-17 00:00:00,-7.2,112.4,23.845732,25.351898,25.547176
2026-01-17 06:00:00,-7.2,112.4,24.305422,26.893353,27.427841
2026-01-17 06:00:00,-7.2,112.4,20.830101,22.945642,23.36081
2026-01-17 12:00:00,-7.2,112.4,30.527468,32.737713,33.225426
2026-01-17 12:00:00,-7.2,112.4,37.270435,39.48099,39.66831
2026-01-17 18:00:00,-7.2,112.4,22.622906,24.019428,24.220427
2026-01-17 18:00:00,-7.2,112.4,40.791954,43.495445,44.098557
2026-01-18 00:00:00,-7.2,112.4,26.706388,28.637257,29.121588
2026-01-18 00:00:00,-7.2,112.4,18.98286,20.035376,20.155252
2026-01-18 06:00:00,-7.2,112.4,18.45357,20.066164,20.298725
2026-01-18 06:00:00,-7.2,112.4,18.60506,20.199987,20.525345
2026-01-18 12:00:00,-7.2,112.4,30.691957,32.439327,32.686684
2026-01-18 12:00:00,-7.2,112.4,32.986324,35.035267,35.572453
2026-01-18 18:00:00,-7.2,112.4,29.124924,31.123903,31.784822
2026-01-18 18:00:00,-7.2,112.4,39.6564,42.5497,43.61984
2026-01-19 00:00:00,-7.2,112.4,31.453745,33.636368,34.099068
2026-01-19 00:00:00,-7.2,112.4,40.061787,43.46883,44.9969
2026-01-19 06:00:00,-7.2,112.4,31.60822,34.003056,34.202206
2026-01-19 06:00:00,-7.2,112.4,31.848515,34.63085,34.90656
2026-01-19 12:00:00,-7.2,112.4,44.897293,47.602535,47.651463
2026-01-19 12:00:00,-7.2,112.4,36.635124,38.73213,38.73783
2026-01-19 18:00:00,-7.2,112.4,36.85893,39.233242,39.44516
2026-01-19 18:00:00,-7.2,112.4,36.031303,38.294125,38.512264
2026-01-20 00:00:00,-7.2,112.4,60.073433,63.612957,63.898655
2026-01-20 00:00:00,-7.2,112.4,47.135414,49.947063,50.15714
2026-01-20 06:00:00,-7.2,112.4,36.943527,39.877163,40.25576
2026-01-20 06:00:00,-7.2,112.4,36.86735,39.726463,40.04614
2026-01-20 12:00:00,-7.2,112.4,37.238255,39.576984,39.791443
2026-01-20 12:00:00,-7.2,112.4,28.194012,30.310371,30.776608
2026-01-20 18:00:00,-7.2,112.4,24.34187,26.115543,26.418694
2026-01-20 18:00:00,-7.2,112.4,25.258802,27.372835,27.816145
2026-01-21 00:00:00,-7.2,112.4,27.86517,29.49815,29.635376
2026-01-21 00:00:00,-7.2,112.4,27.629606,29.405375,29.645016
2026-01-21 06:00:00,-7.2,112.4,15.687711,17.21878,17.652266
2026-01-21 06:00:00,-7.2,112.4,27.135357,29.092937,29.254124
2026-01-21 12:00:00,-7.2,112.4,35.41346,37.351154,37.457973
2026-01-21 12:00:00,-7.2,112.4,26.032759,27.458948,27.59954
2026-01-21 18:00:00,-7.2,112.4,25.00687,26.938877,27.519224
2026-01-21 18:00:00,-7.2,112.4,12.799748,14.152579,14.834008
2026-01-22 00:00:00,-7.2,112.4,22.405828,24.487385,25.460781
2026-01-22 00:00:00,-7.2,112.4,18.762075,20.393255,21.10619
2026-01-22 06:00:00,-7.2,112.4,17.83124,19.934832,20.524023
2026-01-22 06:00:00,-7.2,112.4,20.75097,22.692713,23.078897
2026-01-22 12:00:00,-7.2,112.4,21.40306,22.894497,23.1975
2026-01-22 12:00:00,-7.2,112.4,18.579311,19.848955,20.14653
2026-01-22 18:00:00,-7.2,112.4,16.848557,19.30139,20.642254
2026-01-22 18:00:00,-7.2,112.4,18.57608,20.94547,22.17347
2026-01-23 00:00:00,-7.2,112.4,15.867919,18.101513,19.352356
2026-01-23 00:00:00,-7.2,112.4,22.386282,26.344551,28.6823
2026-01-23 06:00:00,-7.2,112.4,17.137985,19.844759,20.919764
2026-01-23 06:00:00,-7.2,112.4,18.191927,21.434353,22.942678
2026-01-23 12:00:00,-7.2,112.4,29.230005,32.845596,34.674885
2026-01-23 12:00:00,-7.2,112.4,35.20151,39.432125,41.706497
2026-01-23 18:00:00,-7.2,112.4,25.141975,28.323683,30.009964
2026-01-23 18:00:00,-7.2,112.4,31.243214,35.1236,37.232
2026-01-24 00:00:00,-7.2,112.4,36.688347,41.795506,44.773426
2026-01-24 00:00:00,-7.2,112.4,43.201313,48.47145,51.386158
2026-01-24 06:00:00,-7.2,112.4,13.461868,17.903915,20.842442
2026-01-24 06:00:00,-7.2,112.4,12.098436,15.770482,18.177303
2026-01-24 12:00:00,-7.2,112.4,30.803036,34.491932,36.32928
2026-01-24 12:00:00,-7.2,112.4,27.35053,31.415453,33.66934
2026-01-24 18:00:00,-7.2,112.4,26.974113,30.336576,32.077003
2026-01-24 18:00:00,-7.2,112.4,24.148375,27.925377,30.030748
2026-01-25 00:00:00,-7.2,112.4,29.645601,34.332233,37.027332
2026-01-25 00:00:00,-7.2,112.4,23.334766,27.945969,30.75331
2026-01-25 06:00:00,-7.2,112.4,17.446877,20.047132,21.0016
2026-01-25 06:00:00,-7.2,112.4,18.715828,21.763618,22.993902
2026-01-25 12:00:00,-7.2,112.4,27.730448,30.493912,31.423944
2026-01-25 12:00:00,-7.2,112.4,31.605524,35.16861,36.587215
2026-01-25 18:00:00,-7.2,112.4,20.167955,23.673933,25.738014
2026-01-25 18:00:00,-7.2,112.4,23.945713,27.651573,29.770363
2026-01-26 00:00:00,-7.2,112.4,17.193712,21.323593,23.916365
2026-01-26 00:00:00,-7.2,112.4,29.5458,34.056034,36.59684
2026-01-26 06:00:00,-7.2,112.4,16.587887,18.950857,19.776455
2026-01-26 06:00:00,-7.2,112.4,19.376997,21.669422,22.285334
2026-01-26 12:00:00,-7.2,112.4,33.148075,35.127758,35.23016
2026-01-26 12:00:00,-7.2,112.4,28.581343,30.076788,30.0769
2026-01-26 18:00:00,-7.2,112.4,45.98361,48.8242,49.22045
2026-01-26 18:00:00,-7.2,112.4,35.11724,37.77506,38.742207
2026-01-27 00:00:00,-7.2,112.4,29.378275,33.88171,36.483017
2026-01-27 00:00:00,-7.2,112.4,38.27635,42.829475,45.249138
2026-01-27 06:00:00,-7.2,112.4,23.015318,25.209946,25.810703
2026-01-27 06:00:00,-7.2,112.4,22.622665,25.58081,26.472567
2026-01-27 12:00:00,-7.2,112.4,37.665005,40.204655,40.86334
2026-01-27 12:00:00,-7.2,112.4,33.31838,35.23226,35.474556
2026-01-27 18:00:00,-7.2,112.4,27.271141,30.135216,31.514748
2026-01-27 18:00:00,-7.2,112.4,28.944307,31.606102,32.786358
2026-01-28 00:00:00,-7.2,112.4,32.660618,36.23623,38.012276
2026-01-28 00:00:00,-7.2,112.4,26.509167,29.911827,31.727459
2026-01-28 06:00:00,-7.2,112.4,22.866516,26.004,27.185831
2026-01-28 06:00:00,-7.2,112.4,21.619698,24.417042,25.265116
2026-01-28 12:00:00,-7.2,112.4,81.50687,86.890854,87.95729
2026-01-28 12:00:00,-7.2,112.4,29.209633,31.639416,32.3247
2026-01-28 18:00:00,-7.2,112.4,64.67923,71.02227,73.95152
2026-01-28 18:00:00,-7.2,112.4,32.402832,35.88306,37.540344
2026-01-29 00:00:00,-7.2,112.4,39.41915,44.598995,47.44376
2026-01-29 00:00:00,-7.2,112.4,50.893803,56.115643,58.728096
2026-01-29 06:00:00,-7.2,112.4,25.026167,28.775911,30.083506
2026-01-29 06:00:00,-7.2,112.4,23.353283,26.414164,27.395803
2026-01-29 12:00:00,-7.2,112.4,50.50218,54.323883,55.12736
2026-01-29 12:00:00,-7.2,112.4,43.092598,47.611553,49.168133
2026-01-29 18:00:00,-7.2,112.4,51.476673,55.70797,56.947945
2026-01-29 18:00:00,-7.2,112.4,79.68947,85.24467,86.660065
2026-01-30 00:00:00,-7.2,112.4,40.08757,45.442688,48.455162
2026-01-30 00:00:00,-7.2,112.4,45.154774,50.88307,54.059513
2026-01-30 06:00:00,-7.2,112.4,25.662165,28.699759,29.517498
2026-01-30 06:00:00,-7.2,112.4,27.915285,31.622854,32.737137
2026-01-30 12:00:00,-7.2,112.4,57.593273,61.28704,61.624405
2026-01-30 12:00:00,-7.2,112.4,36.54489,38.66397,38.710155
2026-01-30 18:00:00,-7.2,112.4,62.985294,66.29318,66.43507
2026-01-30 18:00:00,-7.2,112.4,62.625816,65.652504,65.71043
2026-01-31 00:00:00,-7.2,112.4,51.756012,54.567093,54.837967
2026-01-31 00:00:00,-7.2,112.4,75.45225,80.868805,82.97934
2026-01-31 06:00:00,-7.2,112.4,25.396763,27.883726,28.422861
2026-01-31 06:00:00,-7.2,112.4,32.326725,35.17929,35.542168
2026-01-31 12:00:00,-7.2,112.4,40.64854,43.17664,43.352592
2026-01-31 12:00:00,-7.2,112.4,39.142822,41.84667,42.19674
2026-01-31 18:00:00,-7.2,112.4,37.241673,39.447353,39.662132
2026-01-31 18:00:00,-7.2,112.4,25.720148,27.298582,27.385752
2026-02-01 00:00:00,-7.2,112.4,34.25964,36.326565,36.48629
2026-02-01 00:00:00,-7.2,112.4,40.975815,43.564224,44.08497
2026-02-01 06:00:00,-7.2,112.4,23.165747,24.58712,24.618713
2026-02-01 06:00:00,-7.2,112.4,26.785706,28.446344,28.483076
2026-02-01 12:00:00,-7.2,112.4,35.23821,36.836803,36.841713
2026-02-01 12:00:00,-7.2,112.4,43.153847,45.478203,45.519737
2026-02-01 18:00:00,-7.2,112.4,40.35345,42.79116,42.824238
2026-02-01 18:00:00,-7.2,112.4,44.43182,47.20001,47.313404
2026-02-02 00:00:00,-7.2,112.4,31.708015,33.46556,33.54545
2026-02-02 00:00:00,-7.2,112.4,68.67572,73.034584,73.47785
2026-02-02 06:00:00,-7.2,112.4,31.265572,33.507427,33.6418
2026-02-02 06:00:00,-7.2,112.4,26.716858,28.89567,29.198841
2026-02-02 12:00:00,-7.2,112.4,28.371065,29.940943,30.080154
2026-02-02 12:00:00,-7.2,112.4,37.845642,40.007553,40.084084
2026-02-02 18:00:00,-7.2,112.4,38.549614,40.62523,40.746037
2026-02-02 18:00:00,-7.2,112.4,45.04322,47.875618,48.09741
2026-02-03 00:00:00,-7.2,112.4,51.14296,53.989098,54.13138
2026-02-03 00:00:00,-7.2,112.4,61.626167,65.356575,66.02084
2026-02-03 06:00:00,-7.2,112.4,33.60973,35.76006,35.868996
2026-02-03 06:00:00,-7.2,112.4,39.237907,41.93694,42.163147
2026-02-03 12:00:00,-7.2,112.4,46.628284,49.091206,49.153214
2026-02-03 12:00:00,-7.2,112.4,38.952316,40.786472,40.79433
2026-02-03 18:00:00,-7.2,112.4,48.485096,51.05974,51.23246
2026-02-03 18:00:00,-7.2,112.4,35.851387,37.683033,37.774055
2026-02-04 00:00:00,-7.2,112.4,37.95778,40.605843,41.398445
2026-02-04 00:00:00,-7.2,112.4,39.601513,42.56092,43.823677
2026-02-04 06:00:00,-7.2,112.4,21.775776,23.00797,23.065851
2026-02-04 06:00:00,-7.2,112.4,26.635063,28.207594,28.294085
2026-02-04 12:00:00,-7.2,112.4,45.669537,48.742676,49.053253
2026-02-04 12:00:00,-7.2,112.4,38.285843,40.51874,40.570038
2026-02-04 18:00:00,-7.2,112.4,38.951904,41.27761,41.407837
2026-02-04 18:00:00,-7.2,112.4,36.22302,38.62606,38.76875
2026-02-05 00:00:00,-7.2,112.4,52.576077,56.09349,56.43962
2026-02-05 00:00:00,-7.2,112.4,49.47391,53.234562,53.808258
2026-02-05 06:00:00,-7.2,112.4,30.590118,33.12396,33.356113
2026-02-05 06:00:00,-7.2,112.4,26.695503,29.089289,29.340408
2026-02-05 12:00:00,-7.2,112.4,41.18254,43.657032,43.717384
2026-02-05 12:00:00,-7.2,112.4,51.479534,54.31544,54.35274
2026-02-05 18:00:00,-7.2,112.4,42.934826,45.692432,45.94648
2026-02-05 18:00:00,-7.2,112.4,37.242973,39.7292,39.98942
2026-02-06 00:00:00,-7.2,112.4,28.468218,30.186382,30.26906
2026-02-06 00:00:00,-7.2,112.4,32.486305,34.476944,34.62163
2026-02-06 06:00:00,-7.2,112.4,18.005928,19.405792,19.484013
2026-02-06 06:00:00,-7.2,112.4,21.642979,23.284472,23.417376
2026-02-06 12:00:00,-7.2,112.4,33.205086,35.116756,35.15839
2026-02-06 12:00:00,-7.2,112.4,28.238943,30.027237,30.164293
2026-02-06 18:00:00,-7.2,112.4,39.04112,41.82524,42.21923
2026-02-06 18:00:00,-7.2,112.4,29.220467,31.434084,31.81432
2026-02-07 00:00:00,-7.2,112.4,25.028002,27.22977,27.751947
2026-02-07 00:00:00,-7.2,112.4,22.330194,24.857315,25.78513
2026-02-07 06:00:00,-7.2,112.4,20.173107,22.10998,22.429855
2026-02-07 06:00:00,-7.2,112.4,22.394688,24.773485,25.277964
2026-02-07 12:00:00,-7.2,112.4,33.77881,36.04626,36.273743
2026-02-07 12:00:00,-7.2,112.4,31.60767,33.519604,33.617886
2026-02-07 18:00:00,-7.2,112.4,37.10873,39.521694,39.78585
2026-02-07 18:00:00,-7.2,112.4,37.80484,40.223774,40.499615
2026-02-08 00:00:00,-7.2,112.4,27.316637,29.496601,29.902502
2026-02-08 00:00:00,-7.2,112.4,27.330816,29.561928,30.031145
2026-02-08 06:00:00,-7.2,112.4,24.206371,26.413296,26.851023
2026-02-08 06:00:00,-7.2,112.4,19.204962,21.325623,21.85498
2026-02-08 12:00:00,-7.2,112.4,40.602196,43.521374,44.085728
2026-02-08 12:00:00,-7.2,112.4,30.885592,32.898167,33.177124
2026-02-08 18:00:00,-7.2,112.4,40.632317,43.132923,43.418243
2026-02-08 18:00:00,-7.2,112.4,54.326588,57.634262,57.994244
2026-02-09 00:00:00,-7.2,112.4,53.42938,57.4872,58.56815
2026-02-09 00:00:00,-7.2,112.4,40.760426,43.87466,44.562885
2026-02-09 06:00:00,-7.2,112.4,18.010023,20.082077,20.612099
2026-02-09 06:00:00,-7.2,112.4,19.904472,22.134138,22.65865
2026-02-09 12:00:00,-7.2,112.4,31.427153,33.198833,33.21203
2026-02-09 12:00:00,-7.2,112.4,34.3536,36.388466,36.516464
2026-02-09 18:00:00,-7.2,112.4,40.92,43.111565,43.234734
2026-02-09 18:00:00,-7.2,112.4,36.846542,38.866722,39.004745
2026-02-10 00:00:00,-7.2,112.4,60.605656,64.76409,66.13072
2026-02-10 00:00:00,-7.2,112.4,45.617294,48.14745,48.278496
2026-02-10 06:00:00,-7.2,112.4,28.165243,30.638258,31.139206
2026-02-10 06:00:00,-7.2,112.4,26.903074,28.666275,28.783167
2026-02-10 12:00:00,-7.2,112.4,44.282837,47.246838,47.777218
2026-02-10 12:00:00,-7.2,112.4,31.843317,34.037327,34.269543
2026-02-10 18:00:00,-7.2,112.4,51.604733,54.329166,54.458694
2026-02-10 18:00:00,-7.2,112.4,81.90534,86.24409,86.48806
2026-02-11 00:00:00,-7.2,112.4,70.80291,74.85471,75.09658
2026-02-11 00:00:00,-7.2,112.4,79.00968,83.30448,83.53476
2026-02-11 06:00:00,-7.2,112.4,25.724218,27.550974,27.739677
2026-02-11 06:00:00,-7.2,112.4,24.170235,26.018951,26.258284
2026-02-11 12:00:00,-7.2,112.4,43.109524,46.35342,46.863155
2026-02-11 12:00:00,-7.2,112.4,38.53289,41.287563,41.52651
2026-02-11 18:00:00,-7.2,112.4,50.838463,53.430843,53.45752
2026-02-11 18:00:00,-7.2,112.4,66.625206,69.96254,70.04337
2026-02-12 00:00:00,-7.2,112.4,69.80957,73.55601,73.63513
2026-02-12 00:00:00,-7.2,112.4,97.933426,104.56228,106.39116
2026-02-12 06:00:00,-7.2,112.4,28.98901,31.145159,31.344484
2026-02-12 06:00:00,-7.2,112.4,36.904346,39.987812,40.37077
2026-02-12 12:00:00,-7.2,112.4,50.57335,53.68172,53.758205
2026-02-12 12:00:00,-7.2,112.4,47.795906,50.717342,50.753677
2026-02-12 18:00:00,-7.2,112.4,34.964275,37.139786,37.279163
2026-02-12 18:00:00,-7.2,112.4,51.708946,54.77723,54.885246
2026-02-13 00:00:00,-7.2,112.4,57.081436,60.355774,60.553417
2026-02-13 00:00:00,-7.2,112.4,45.16806,47.747753,47.870678
2026-02-13 06:00:00,-7.2,112.4,23.947542,25.423311,25.554552
2026-02-13 06:00:00,-7.2,112.4,28.663664,30.495152,30.593626
2026-02-13 12:00:00,-7.2,112.4,47.72995,50.566082,50.813175
2026-02-13 12:00:00,-7.2,112.4,52.260025,55.178616,55.31496
2026-02-13 18:00:00,-7.2,112.4,36.099804,38.51575,38.907722
2026-02-13 18:00:00,-7.2,112.4,48.359364,50.994728,51.252045
2026-02-14 00:00:00,-7.2,112.4,53.592834,57.46267,58.742027
2026-02-14 00:00:00,-7.2,112.4,72.32523,78.12855,80.63478
2026-02-14 06:00:00,-7.2,112.4,27.90847,30.249662,30.762815
2026-02-14 06:00:00,-7.2,112.4,31.173769,33.447998,33.755478
2026-02-14 12:00:00,-7.2,112.4,43.49363,46.17009,46.241814
2026-02-14 12:00:00,-7.2,112.4,38.65452,40.932484,40.937607
2026-02-14 18:00:00,-7.2,112.4,69.28139,72.72172,72.88088
2026-02-14 18:00:00,-7.2,112.4,54.7213,57.333153,57.356453
2026-02-15 00:00:00,-7.2,112.4,30.361757,31.820831,31.824661
2026-02-15 00:00:00,-7.2,112.4,57.46502,61.162437,62.264748
2026-02-15 06:00:00,-7.2,112.4,28.597815,30.636055,30.682888
2026-02-15 06:00:00,-7.2,112.4,20.911734,22.376688,22.405495
2026-02-15 12:00:00,-7.2,112.4,41.17087,43.39687,43.396843
2026-02-15 12:00:00,-7.2,112.4,43.829243,46.89389,47.05837
2026-02-15 18:00:00,-7.2,112.4,32.714424,34.4056,34.425064
2026-02-15 18:00:00,-7.2,112.4,68.806915,72.33723,72.52044
2026-02-16 00:00:00,-7.2,112.4,72.91169,76.75101,76.78364
2026-02-16 00:00:00,-7.2,112.4,46.563942,49.053085,49.134914
2026-02-16 06:00:00,-7.2,112.4,30.150179,32.615242,32.76108
2026-02-16 06:00:00,-7.2,112.4,28.226307,30.637005,30.942059
2026-02-16 12:00:00,-7.2,112.4,48.752216,51.68244,51.83234
2026-02-16 12:00:00,-7.2,112.4,38.157097,40.190807,40.19057
2026-02-16 18:00:00,-7.2,112.4,83.66482,88.654305,89.934875
2026-02-16 18:00:00,-7.2,112.4,61.92312,65.64829,66.27437
2026-02-17 00:00:00,-7.2,112.4,91.82287,97.27768,98.00669
2026-02-17 00:00:00,-7.2,112.4,91.8755,98.56484,100.91071
2026-02-17 06:00:00,-7.2,112.4,21.262657,23.941154,24.781792
2026-02-17 06:00:00,-7.2,112.4,39.59342,44.37427,45.524696
2026-02-17 12:00:00,-7.2,112.4,75.378975,79.93049,80.57583
2026-02-17 12:00:00,-7.2,112.4,72.39976,76.7941,77.396805
2026-02-17 18:00:00,-7.2,112.4,38.5282,42.07922,43.724564
2026-02-17 18:00:00,-7.2,112.4,49.26316,53.50365,55.224888
2026-02-18 00:00:00,-7.2,112.4,38.169113,42.551228,44.965626
2026-02-18 00:00:00,-7.2,112.4,48.7586,54.606045,57.814972
2026-02-18 06:00:00,-7.2,112.4,19.458096,21.50826,21.995955
2026-02-18 06:00:00,-7.2,112.4,11.569785,12.799593,13.216787
2026-02-18 12:00:00,-7.2,112.4,50.48023,54.076496,55.275864
2026-02-18 12:00:00,-7.2,112.4,35.7786,38.367294,39.12343
2026-02-18 18:00:00,-7.2,112.4,76.480316,81.84571,83.74076
2026-02-18 18:00:00,-7.2,112.4,45.32004,49.230587,50.96999
2026-02-19 00:00:00,-7.2,112.4,54.698933,59.27828,61.314495
2026-02-19 00:00:00,-7.2,112.4,58.167614,63.06624,65.29649
2026-02-19 06:00:00,-7.2,112.4,27.322063,30.308662,30.940022
2026-02-19 06:00:00,-7.2,112.4,24.98772,27.298536,27.677433
2026-02-19 12:00:00,-7.2,112.4,36.543644,38.67821,38.828247
2026-02-19 12:00:00,-7.2,112.4,32.6332,34.42021,34.466515
2026-02-19 18:00:00,-7.2,112.4,32.04454,34.342773,35.186924
2026-02-19 18:00:00,-7.2,112.4,42.949486,45.960403,46.951122
2026-02-20 00:00:00,-7.2,112.4,20.484531,22.677845,23.817211
2026-02-20 00:00:00,-7.2,112.4,17.363216,19.704681,21.104519
2026-02-20 06:00:00,-7.2,112.4,17.258997,18.797333,19.052153
2026-02-20 06:00:00,-7.2,112.4,15.9177065,17.874693,18.462622
2026-02-20 12:00:00,-7.2,112.4,28.348064,30.654566,31.236443
2026-02-20 12:00:00,-7.2,112.4,31.043528,32.981537,33.240177
2026-02-20 18:00:00,-7.2,112.4,28.720415,31.226006,32.280407
2026-02-20 18:00:00,-7.2,112.4,21.558645,23.853123,24.974451
2026-02-21 00:00:00,-7.2,112.4,43.221176,47.05928,48.84742
2026-02-21 00:00:00,-7.2,112.4,37.279663,40.709763,42.346943
2026-02-21 06:00:00,-7.2,112.4,18.576965,20.218475,20.42949
2026-02-21 06:00:00,-7.2,112.4,25.819645,27.93377,28.264826
2026-02-21 12:00:00,-7.2,112.4,29.71486,31.656235,31.866669
2026-02-21 12:00:00,-7.2,112.4,32.32284,34.388145,34.572674
2026-02-21 18:00:00,-7.2,112.4,34.13472,36.677235,37.094383
2026-02-21 18:00:00,-7.2,112.4,40.44877,43.240437,43.594513
2026-02-22 00:00:00,-7.2,112.4,54.12513,57.87437,58.467335
2026-02-22 00:00:00,-7.2,112.4,50.717663,54.666485,55.79192
2026-02-22 06:00:00,-7.2,112.4,28.566362,31.33772,32.052002
2026-02-22 06:00:00,-7.2,112.4,35.594986,38.839554,39.535023
2026-02-22 12:00:00,-7.2,112.4,47.41201,49.962757,50.082935
2026-02-22 12:00:00,-7.2,112.4,69.42537,73.02009,73.19807
2026-02-22 18:00:00,-7.2,112.4,54.09494,56.775967,56.842834
2026-02-22 18:00:00,-7.2,112.4,42.04723,44.158913,44.21165
2026-02-23 00:00:00,-7.2,112.4,35.19088,36.974834,37.008835
2026-02-23 00:00:00,-7.2,112.4,29.384943,30.816168,30.816143
2026-02-23 06:00:00,-7.2,112.4,19.602848,20.746452,20.778654
2026-02-23 06:00:00,-7.2,112.4,19.065102,20.128695,20.14258
2026-02-23 12:00:00,-7.2,112.4,31.32171,32.857796,32.85994
2026-02-23 12:00:00,-7.2,112.4,34.385403,36.114815,36.134518
2026-02-23 18:00:00,-7.2,112.4,38.106102,40.0772,40.12104
2026-02-23 18:00:00,-7.2,112.4,29.559135,31.392176,31.477423
2026-02-24 00:00:00,-7.2,112.4,52.970364,56.536945,57.761097
2026-02-24 00:00:00,-7.2,112.4,68.54697,73.11587,74.682365
2026-02-24 06:00:00,-7.2,112.4,23.079338,24.300657,24.33853
2026-02-24 06:00:00,-7.2,112.4,21.268908,22.399511,22.41708
2026-02-24 12:00:00,-7.2,112.4,68.97841,73.24121,74.48938
2026-02-24 12:00:00,-7.2,112.4,119.84412,127.2025,129.34111
2026-02-24 18:00:00,-7.2,112.4,45.058846,47.383812,47.44983
2026-02-24 18:00:00,-7.2,112.4,59.661545,63.43896,64.522224
2026-02-25 00:00:00,-7.2,112.4,67.55147,72.53016,74.43265
2026-02-25 00:00:00,-7.2,112.4,57.571278,61.69955,63.21659
2026-02-25 06:00:00,-7.2,112.4,22.12301,23.649221,23.881952
2026-02-25 06:00:00,-7.2,112.4,17.846905,19.51965,20.038818
2026-02-25 12:00:00,-7.2,112.4,36.31355,38.362473,38.480694
2026-02-25 12:00:00,-7.2,112.4,32.859783,35.004295,35.62368
2026-02-25 18:00:00,-7.2,112.4,36.240578,38.42646,39.00307
2026-02-25 18:00:00,-7.2,112.4,40.578014,43.38486,44.31869
2026-02-26 00:00:00,-7.2,112.4,47.23782,50.626442,51.832535
2026-02-26 00:00:00,-7.2,112.4,52.297634,56.359814,57.990257
2026-02-26 06:00:00,-7.2,112.4,19.10966,21.315866,22.54919
2026-02-26 06:00:00,-7.2,112.4,15.038342,16.137325,16.51918
2026-02-26 12:00:00,-7.2,112.4,34.08787,36.420692,37.23111
2026-02-26 12:00:00,-7.2,112.4,27.350967,29.035011,29.509718
2026-02-26 18:00:00,-7.2,112.4,32.217113,34.136444,34.610718
2026-02-26 18:00:00,-7.2,112.4,33.728184,35.903004,36.515656
2026-02-27 00:00:00,-7.2,112.4,50.455154,53.903824,55.13723
2026-02-27 00:00:00,-7.2,112.4,46.69995,50.011913,51.247246
2026-02-27 06:00:00,-7.2,112.4,11.923681,13.6848545,14.704096
2026-02-27 06:00:00,-7.2,112.4,12.824966,14.507169,15.3804865
2026-02-27 12:00:00,-7.2,112.4,33.25774,35.26665,35.83321
2026-02-27 12:00:00,-7.2,112.4,64.39734,68.67708,70.102036
2026-02-27 18:00:00,-7.2,112.4,43.553844,46.4778,47.41525
2026-02-27 18:00:00,-7.2,112.4,43.514523,46.07716,46.75636
2026-02-28 00:00:00,-7.2,112.4,46.840855,50.6581,52.365013
2026-02-28 00:00:00,-7.2,112.4,62.37485,66.8889,68.6274
2026-02-28 06:00:00,-7.2,112.4,28.65427,31.247253,31.971577
2026-02-28 06:00:00,-7.2,112.4,23.725037,25.538391,25.867117
2026-02-28 12:00:00,-7.2,112.4,43.526096,47.553135,48.66904
2026-02-28 12:00:00,-7.2,112.4,47.705452,51.537327,52.41171
2026-02-28 18:00:00,-7.2,112.4,43.13946,47.105213,48.461117
2026-02-28 18:00:00,-7.2,112.4,45.006252,48.56539,49.52082
2026-03-01 00:00:00,-7.2,112.4,54.806065,58.70709,59.625053
2026-03-01 00:00:00,-7.2,112.4,57.065014,61.028515,62.06045
2026-03-01 06:00:00,-7.2,112.4,19.799969,21.594723,22.163927
2026-03-01 06:00:00,-7.2,112.4,25.652302,28.071167,28.900991
2026-03-01 12:00:00,-7.2,112.4,37.377346,39.64655,39.982746
2026-03-01 12:00:00,-7.2,112.4,33.63299,35.72781,36.002663
2026-03-01 18:00:00,-7.2,112.4,46.2654,48.917076,49.229336
2026-03-01 18:00:00,-7.2,112.4,46.39588,48.906063,49.22583
2026-03-02 00:00:00,-7.2,112.4,66.403625,70.83327,72.14101
2026-03-02 00:00:00,-7.2,112.4,80.01956,85.53047,87.49214
2026-03-02 06:00:00,-7.2,112.4,46.916122,51.310173,52.153664
2026-03-02 06:00:00,-7.2,112.4,47.659718,51.785324,52.70205
2026-03-02 12:00:00,-7.2,112.4,67.59967,71.83519,72.213936
2026-03-02 12:00:00,-7.2,112.4,48.053185,51.22839,51.49104
2026-03-02 18:00:00,-7.2,112.4,61.150105,65.05809,65.47509
2026-03-02 18:00:00,-7.2,112.4,52.563316,55.814774,56.13909
2026-03-03 00:00:00,-7.2,112.4,69.3118,73.66083,74.13746
2026-03-03 00:00:00,-7.2,112.4,70.95707,75.25597,75.71635
2026-03-03 06:00:00,-7.2,112.4,22.936668,25.538895,26.16946
2026-03-03 06:00:00,-7.2,112.4,26.278536,29.04362,29.631668
2026-03-03 12:00:00,-7.2,112.4,63.17475,67.37258,68.2112
2026-03-03 12:00:00,-7.2,112.4,47.184402,50.25008,50.597553
2026-03-03 18:00:00,-7.2,112.4,45.31898,49.01025,50.300682
2026-03-03 18:00:00,-7.2,112.4,29.923954,31.99655,32.351913
2026-03-04 00:00:00,-7.2,112.4,38.04813,41.0213,41.63323
2026-03-04 00:00:00,-7.2,112.4,32.093822,34.878864,35.59064
2026-03-04 06:00:00,-7.2,112.4,15.1895,16.955923,17.406105
2026-03-04 06:00:00,-7.2,112.4,17.5955,19.800388,20.4164
2026-03-04 12:00:00,-7.2,112.4,29.12483,31.44158,31.87009
2026-03-04 12:00:00,-7.2,112.4,25.494873,27.603409,28.030598
2026-03-04 18:00:00,-7.2,112.4,25.243885,27.418053,27.882418
2026-03-04 18:00:00,-7.2,112.4,16.548738,18.197752,18.692678
2026-03-05 00:00:00,-7.2,112.4,30.97469,34.11244,34.96904
2026-03-05 00:00:00,-7.2,112.4,31.853024,35.35939,36.514442
2026-03-05 06:00:00,-7.2,112.4,32.268238,35.26416,35.754143
2026-03-05 06:00:00,-7.2,112.4,25.435398,27.669825,27.961506
2026-03-05 12:00:00,-7.2,112.4,40.456337,42.99858,43.138134
2026-03-05 12:00:00,-7.2,112.4,36.05164,38.380146,38.51619
2026-03-05 18:00:00,-7.2,112.4,45.96025,49.008015,49.252197
2026-03-05 18:00:00,-7.2,112.4,25.526905,27.315516,27.429802
2026-03-06 00:00:00,-7.2,112.4,28.41405,30.128672,30.209454
2026-03-06 00:00:00,-7.2,112.4,17.33832,18.403416,18.4737
2026-03-06 06:00:00,-7.2,112.4,21.21441,23.25484,23.609995
2026-03-06 06:00:00,-7.2,112.4,19.085142,20.901932,21.247316
2026-03-06 12:00:00,-7.2,112.4,32.594734,35.4418,36.271435
2026-03-06 12:00:00,-7.2,112.4,20.113596,21.566479,21.781368
2026-03-06 18:00:00,-7.2,112.4,27.328806,29.531605,29.995356
2026-03-06 18:00:00,-7.2,112.4,32.376614,34.72495,35.11994
2026-03-07 00:00:00,-7.2,112.4,18.609842,20.194304,20.504564
2026-03-07 00:00:00,-7.2,112.4,17.717333,19.27377,19.603981
2026-03-07 06:00:00,-7.2,112.4,16.63559,18.188583,18.413671
2026-03-07 06:00:00,-7.2,112.4,16.086094,17.642834,17.890972
2026-03-07 12:00:00,-7.2,112.4,23.005249,24.565895,24.744406
2026-03-07 12:00:00,-7.2,112.4,24.758001,26.28114,26.460953
2026-03-07 18:00:00,-7.2,112.4,23.227318,25.382362,26.281502
2026-03-07 18:00:00,-7.2,112.4,30.394869,33.433434,34.890923
2026-03-08 00:00:00,-7.2,112.4,21.946512,23.4374,23.627838
2026-03-08 00:00:00,-7.2,112.4,26.193644,27.873436,28.070108
2026-03-08 06:00:00,-7.2,112.4,18.402386,19.995731,20.153965
2026-03-08 06:00:00,-7.2,112.4,18.252539,20.041935,20.330284
2026-03-08 12:00:00,-7.2,112.4,43.965538,46.56991,46.735344
2026-03-08 12:00:00,-7.2,112.4,35.50202,38.263584,38.778667
2026-03-08 18:00:00,-7.2,112.4,90.204704,95.79821,97.01483
2026-03-08 18:00:00,-7.2,112.4,47.49829,50.67253,51.152287
2026-03-09 00:00:00,-7.2,112.4,65.16387,69.202545,69.556335
2026-03-09 00:00:00,-7.2,112.4,84.31579,90.09318,90.8488
2026-03-09 06:00:00,-7.2,112.4,30.225372,32.91485,33.444935
2026-03-09 06:00:00,-7.2,112.4,41.737236,45.79784,46.647053
2026-03-09 12:00:00,-7.2,112.4,60.634533,64.312584,64.57384
2026-03-09 12:00:00,-7.2,112.4,39.074665,41.203697,41.20374
2026-03-09 18:00:00,-7.2,112.4,86.9855,91.56616,91.83952
2026-03-09 18:00:00,-7.2,112.4,79.914856,84.678734,85.85408
2026-03-10 00:00:00,-7.2,112.4,76.82451,82.0383,83.62201
2026-03-10 00:00:00,-7.2,112.4,88.37065,94.73581,97.02717
2026-03-10 06:00:00,-7.2,112.4,17.810148,19.97331,20.743567
2026-03-10 06:00:00,-7.2,112.4,19.151188,21.693459,22.64633
2026-03-10 12:00:00,-7.2,112.4,55.647358,59.407463,60.067406
2026-03-10 12:00:00,-7.2,112.4,38.87686,41.25213,41.4404
2026-03-10 18:00:00,-7.2,112.4,38.4101,40.678135,40.86282
2026-03-10 18:00:00,-7.2,112.4,50.121033,53.422062,53.70828
2026-03-11 00:00:00,-7.2,112.4,65.05627,71.152725,73.43283
2026-03-11 00:00:00,-7.2,112.4,67.57824,72.47803,73.23473
2026-03-11 06:00:00,-7.2,112.4,14.969125,18.932241,21.585546
2026-03-11 06:00:00,-7.2,112.4,13.698262,17.882788,20.747635
2026-03-11 12:00:00,-7.2,112.4,36.281837,39.009956,40.006023
2026-03-11 12:00:00,-7.2,112.4,41.97251,45.96313,47.723225
2026-03-11 18:00:00,-7.2,112.4,34.200886,36.581345,37.330807
2026-03-11 18:00:00,-7.2,112.4,40.89407,44.128716,45.29223
2026-03-12 00:00:00,-7.2,112.4,65.01437,70.72736,73.32147
2026-03-12 00:00:00,-7.2,112.4,66.711266,72.08604,74.38876
2026-03-12 06:00:00,-7.2,112.4,12.280207,14.672324,16.247786
2026-03-12 06:00:00,-7.2,112.4,14.845909,17.88704,19.925673
2026-03-12 12:00:00,-7.2,112.4,44.16029,47.108486,47.469086
2026-03-12 12:00:00,-7.2,112.4,41.703053,44.689518,45.116978
2026-03-12 18:00:00,-7.2,112.4,58.76948,63.09932,63.388313
2026-03-12 18:00:00,-7.2,112.4,57.746845,61.613888,62.02538
2026-03-13 00:00:00,-7.2,112.4,77.9533,83.33342,83.98655
2026-03-13 00:00:00,-7.2,112.4,76.47844,81.34185,81.815475
2026-03-13 06:00:00,-7.2,112.4,14.64981,18.049309,20.339495
2026-03-13 06:00:00,-7.2,112.4,15.177555,18.557547,20.832544
2026-03-13 12:00:00,-7.2,112.4,29.237204,31.40619,32.129517
2026-03-13 12:00:00,-7.2,112.4,40.76915,45.74753,48.27245
2026-03-13 18:00:00,-7.2,112.4,73.683,80.097496,82.73344
2026-03-13 18:00:00,-7.2,112.4,61.13015,65.51687,66.93852
2026-03-14 00:00:00,-7.2,112.4,79.85761,85.10977,85.84021
2026-03-14 00:00:00,-7.2,112.4,83.752525,89.13253,89.88928
2026-03-14 06:00:00,-7.2,112.4,26.077164,28.930862,29.769922
2026-03-14 06:00:00,-7.2,112.4,31.113104,34.573746,35.482727
2026-03-14 12:00:00,-7.2,112.4,52.68485,56.403385,56.691505
2026-03-14 12:00:00,-7.2,112.4,50.731915,53.87024,53.874454
2026-03-14 18:00:00,-7.2,112.4,48.70964,51.556793,51.78578
2026-03-14 18:00:00,-7.2,112.4,57.402397,60.66631,60.83013
2026-03-15 00:00:00,-7.2,112.4,57.648754,60.71707,60.853325
2026-03-15 00:00:00,-7.2,112.4,59.264645,62.873028,63.13593
2026-03-15 06:00:00,-7.2,112.4,31.450228,33.81172,33.920044
2026-03-15 06:00:00,-7.2,112.4,40.112988,43.44015,43.73482
2026-03-15 12:00:00,-7.2,112.4,62.947834,66.603264,66.637764
2026-03-15 12:00:00,-7.2,112.4,54.797863,58.451836,58.62438
2026-03-15 18:00:00,-7.2,112.4,60.503567,64.10471,65.045074
2026-03-15 18:00:00,-7.2,112.4,60.29268,63.577774,63.772747
2026-03-16 00:00:00,-7.2,112.4,81.32974,87.03319,88.93386
2026-03-16 00:00:00,-7.2,112.4,57.937634,62.6261,64.7251
2026-03-16 06:00:00,-7.2,112.4,25.127459,27.123083,27.387844
2026-03-16 06:00:00,-7.2,112.4,25.246582,27.090046,27.28903
2026-03-16 12:00:00,-7.2,112.4,52.81643,56.17181,56.36774
2026-03-16 12:00:00,-7.2,112.4,50.31751,53.43943,53.694775
2026-03-16 18:00:00,-7.2,112.4,48.497482,51.112,51.15229
2026-03-16 18:00:00,-7.2,112.4,96.66985,101.69629,101.78667
2026-03-17 00:00:00,-7.2,112.4,47.17336,50.736427,52.130215
2026-03-17 00:00:00,-7.2,112.4,74.38763,79.75149,81.70963
2026-03-17 06:00:00,-7.2,112.4,24.086319,26.442287,27.161385
2026-03-17 06:00:00,-7.2,112.4,19.990154,21.88441,22.504892
2026-03-17 12:00:00,-7.2,112.4,34.835552,36.900616,37.219154
2026-03-17 12:00:00,-7.2,112.4,45.296364,47.98754,48.611515
2026-03-17 18:00:00,-7.2,112.4,98.3307,104.69478,106.73119
2026-03-17 18:00:00,-7.2,112.4,97.38557,103.066216,104.28187
2026-03-18 00:00:00,-7.2,112.4,110.79368,116.98137,117.3783
2026-03-18 00:00:00,-7.2,112.4,72.54459,76.85685,77.05768
2026-03-18 06:00:00,-7.2,112.4,33.31707,35.981438,36.345932
2026-03-18 06:00:00,-7.2,112.4,23.951931,26.239466,26.951746
2026-03-18 12:00:00,-7.2,112.4,63.450672,67.16704,67.53931
2026-03-18 12:00:00,-7.2,112.4,50.400864,53.314835,53.59975
2026-03-18 18:00:00,-7.2,112.4,117.28809,123.770065,124.19747
2026-03-18 18:00:00,-7.2,112.4,98.32115,104.2896,105.13833
2026-03-19 00:00:00,-7.2,112.4,97.53325,103.06309,103.324
2026-03-19 00:00:00,-7.2,112.4,112.10028,122.19618,127.26139
2026-03-19 06:00:00,-7.2,112.4,30.98111,34.01142,34.916058
2026-03-19 06:00:00,-7.2,112.4,30.74787,33.63735,34.392082
2026-03-19 12:00:00,-7.2,112.4,66.98769,70.82895,71.144714
2026-03-19 12:00:00,-7.2,112.4,57.857452,61.999573,62.793446
2026-03-19 18:00:00,-7.2,112.4,82.423355,87.57388,88.39237
2026-03-19 18:00:00,-7.2,112.4,77.47667,82.0487,82.95183
2026-03-20 00:00:00,-7.2,112.4,55.328815,60.903404,63.809692
2026-03-20 00:00:00,-7.2,112.4,51.878036,55.71825,57.04926
2026-03-20 06:00:00,-7.2,112.4,26.160385,29.22673,30.465965
2026-03-20 06:00:00,-7.2,112.4,23.861332,25.945469,26.485825
2026-03-20 12:00:00,-7.2,112.4,44.475838,47.398045,47.86859
2026-03-20 12:00:00,-7.2,112.4,41.108658,44.35423,45.20836
2026-03-20 18:00:00,-7.2,112.4,79.81305,84.90821,86.23664
2026-03-20 18:00:00,-7.2,112.4,82.40022,88.41056,90.594086
2026-03-21 00:00:00,-7.2,112.4,70.642105,75.648926,76.885155
2026-03-21 00:00:00,-7.2,112.4,60.18257,64.60703,65.78466
2026-03-21 06:00:00,-7.2,112.4,38.84933,42.998287,44.25158
2026-03-21 06:00:00,-7.2,112.4,31.797192,35.757053,37.26456
2026-03-21 12:00:00,-7.2,112.4,48.81802,51.881283,52.208607
2026-03-21 12:00:00,-7.2,112.4,46.641808,49.267292,49.319588
2026-03-21 18:00:00,-7.2,112.4,25.15032,26.747059,27.000648
2026-03-21 18:00:00,-7.2,112.4,51.699112,55.36919,56.684464
2026-03-22 00:00:00,-7.2,112.4,77.22525,83.16437,85.344765
2026-03-22 00:00:00,-7.2,112.4,93.40431,101.16554,104.67875
2026-03-22 06:00:00,-7.2,112.4,24.047857,27.281687,28.800003
2026-03-22 06:00:00,-7.2,112.4,21.975023,24.96515,26.400276
2026-03-22 12:00:00,-7.2,112.4,45.79936,49.505836,51.06554
2026-03-22 12:00:00,-7.2,112.4,45.700405,48.981068,49.64869
2026-03-22 18:00:00,-7.2,112.4,86.81394,92.61566,94.551636
2026-03-22 18:00:00,-7.2,112.4,69.739655,75.061165,77.093315
2026-03-23 00:00:00,-7.2,112.4,70.54155,77.58047,81.28859
2026-03-23 00:00:00,-7.2,112.4,90.221985,97.38886,100.581985
2026-03-23 06:00:00,-7.2,112.4,21.157213,24.50168,26.202055
2026-03-23 06:00:00,-7.2,112.4,18.098223,20.396477,21.368021
2026-03-23 12:00:00,-7.2,112.4,53.01823,56.87629,57.219986
2026-03-23 12:00:00,-7.2,112.4,53.514317,57.6397,58.320755
2026-03-23 18:00:00,-7.2,112.4,77.1737,82.1903,82.52482
2026-03-23 18:00:00,-7.2,112.4,76.66057,81.89329,82.28511
2026-03-24 00:00:00,-7.2,112.4,71.855995,76.00335,76.07838
2026-03-24 00:00:00,-7.2,112.4,68.24604,72.97524,73.465515
2026-03-24 06:00:00,-7.2,112.4,34.799168,37.762665,38.281887
2026-03-24 06:00:00,-7.2,112.4,34.686104,37.574802,37.80864
2026-03-24 12:00:00,-7.2,112.4,47.742855,50.639965,50.71708
2026-03-24 12:00:00,-7.2,112.4,51.96214,55.05069,55.19889
2026-03-24 18:00:00,-7.2,112.4,43.644756,46.415543,46.528927
2026-03-24 18:00:00,-7.2,112.4,50.670017,53.73716,53.895454
2026-03-25 00:00:00,-7.2,112.4,38.591057,41.078194,41.34716
2026-03-25 00:00:00,-7.2,112.4,71.030174,75.568665,75.96714
2026-03-25 06:00:00,-7.2,112.4,34.93825,37.965466,38.30787
2026-03-25 06:00:00,-7.2,112.4,27.1197,29.310194,29.419638
2026-03-25 12:00:00,-7.2,112.4,49.354805,52.266087,52.273163
2026-03-25 12:00:00,-7.2,112.4,39.945675,42.701286,42.917397
2026-03-25 18:00:00,-7.2,112.4,65.27159,69.17395,69.33641
2026-03-25 18:00:00,-7.2,112.4,80.4489,84.54822,84.59421
2026-03-26 00:00:00,-7.2,112.4,64.109085,68.43425,68.86222
2026-03-26 00:00:00,-7.2,112.4,82.68665,87.81188,88.1958
2026-03-26 06:00:00,-7.2,112.4,20.24358,22.454092,22.985353
2026-03-26 06:00:00,-7.2,112.4,23.250095,26.150953,27.03366
2026-03-26 12:00:00,-7.2,112.4,49.990585,53.146343,53.648376
2026-03-26 12:00:00,-7.2,112.4,37.13014,39.553116,39.88632
2026-03-26 18:00:00,-7.2,112.4,41.824863,44.40649,44.833694
2026-03-26 18:00:00,-7.2,112.4,67.601944,71.26204,71.54262
2026-03-27 00:00:00,-7.2,112.4,35.384384,38.17284,39.285126
2026-03-27 00:00:00,-7.2,112.4,36.963985,39.854008,41.17883
2026-03-27 06:00:00,-7.2,112.4,24.789394,27.00208,27.385458
2026-03-27 06:00:00,-7.2,112.4,20.166872,21.712212,21.852762
2026-03-27 12:00:00,-7.2,112.4,45.611774,48.27806,48.623753
2026-03-27 12:00:00,-7.2,112.4,41.617752,43.909355,43.910583
2026-03-27 18:00:00,-7.2,112.4,127.112404,135.69832,138.50996
2026-03-27 18:00:00,-7.2,112.4,81.83327,86.20026,86.24505
2026-03-28 00:00:00,-7.2,112.4,54.52364,57.936405,58.15097
2026-03-28 00:00:00,-7.2,112.4,89.16823,94.020325,94.04579
2026-03-28 06:00:00,-7.2,112.4,35.448475,38.352406,38.577236
2026-03-28 06:00:00,-7.2,112.4,33.188457,35.954876,36.2087
2026-03-28 12:00:00,-7.2,112.4,58.171047,61.95455,62.33813
2026-03-28 12:00:00,-7.2,112.4,67.65373,72.04108,72.386284
2026-03-28 18:00:00,-7.2,112.4,56.170597,59.646652,59.797344
2026-03-28 18:00:00,-7.2,112.4,48.147472,51.25325,51.38282
2026-03-29 00:00:00,-7.2,112.4,51.166733,54.397095,54.55038
2026-03-29 00:00:00,-7.2,112.4,46.8886,49.24231,49.248985
2026-03-29 06:00:00,-7.2,112.4,26.692171,28.80455,29.073664
2026-03-29 06:00:00,-7.2,112.4,23.918123,25.56257,25.5874
2026-03-29 12:00:00,-7.2,112.4,47.326347,50.032078,50.148613
2026-03-29 12:00:00,-7.2,112.4,43.564976,45.995834,46.07183
2026-03-29 18:00:00,-7.2,112.4,61.700233,65.17598,65.211395
2026-03-29 18:00:00,-7.2,112.4,50.90064,53.7013,53.715076
2026-03-30 00:00:00,-7.2,112.4,51.588795,54.37493,54.415646
2026-03-30 00:00:00,-7.2,112.4,37.79491,39.805,39.831783
2026-03-30 06:00:00,-7.2,112.4,29.85276,32.121838,32.342457
2026-03-30 06:00:00,-7.2,112.4,23.64914,25.433096,25.552887
2026-03-30 12:00:00,-7.2,112.4,44.08072,46.758984,46.860325
2026-03-30 12:00:00,-7.2,112.4,43.167023,45.892166,45.99163
2026-03-30 18:00:00,-7.2,112.4,68.870804,72.70421,72.75486
2026-03-30 18:00:00,-7.2,112.4,54.353096,57.471355,57.503845
2026-03-31 00:00:00,-7.2,112.4,77.39862,81.76426,81.85355
2026-03-31 00:00:00,-7.2,112.4,123.68867,129.97742,129.99374
2026-03-31 06:00:00,-7.2,112.4,24.784811,26.731232,26.96348
2026-03-31 06:00:00,-7.2,112.4,27.633299,29.863428,30.10986
2026-03-31 12:00:00,-7.2,112.4,57.857048,61.161472,61.430172
2026-03-31 12:00:00,-7.2,112.4,54.63387,58.001392,58.323906
2026-03-31 18:00:00,-7.2,112.4,91.03269,98.00158,100.69181
2026-03-31 18:00:00,-7.2,112.4,84.6847,90.00433,90.96545
2026-04-01 00:00:00,-7.2,112.4,78.57534,84.29657,85.91832
2026-04-01 00:00:00,-7.2,112.4,93.007484,99.71615,101.86164
2026-04-01 06:00:00,-7.2,112.4,16.533293,17.999462,18.314121
2026-04-01 06:00:00,-7.2,112.4,14.023943,15.301072,15.583161
2026-04-01 12:00:00,-7.2,112.4,59.602074,64.7459,67.16852
2026-04-01 12:00:00,-7.2,112.4,56.662243,60.9146,62.67584
2026-04-01 18:00:00,-7.2,112.4,67.11826,72.6123,75.08658
2026-04-01 18:00:00,-7.2,112.4,55.724384,59.748516,61.23645
2026-04-02 00:00:00,-7.2,112.4,49.29321,52.057056,52.288883
2026-04-02 00:00:00,-7.2,112.4,57.862762,62.139977,63.812252
2026-04-02 06:00:00,-7.2,112.4,20.064466,21.614191,21.831244
2026-04-02 06:00:00,-7.2,112.4,29.695538,31.934868,32.166492
2026-04-02 12:00:00,-7.2,112.4,49.364773,54.103912,56.349957
2026-04-02 12:00:00,-7.2,112.4,53.470562,56.59838,56.94199
2026-04-02 18:00:00,-7.2,112.4,41.886784,44.49276,44.67387
2026-04-02 18:00:00,-7.2,112.4,40.313404,42.914413,43.04857
2026-04-03 00:00:00,-7.2,112.4,31.253698,33.192406,33.38391
2026-04-03 00:00:00,-7.2,112.4,24.928411,26.329205,26.38945
2026-04-03 06:00:00,-7.2,112.4,14.999621,15.985105,16.046453
2026-04-03 06:00:00,-7.2,112.4,15.201234,16.227417,16.270758
2026-04-03 12:00:00,-7.2,112.4,71.233955,76.37078,78.287254
2026-04-03 12:00:00,-7.2,112.4,55.63202,59.487583,60.86708
2026-04-03 18:00:00,-7.2,112.4,88.28317,94.25986,96.31276
2026-04-03 18:00:00,-7.2,112.4,64.58481,68.7682,70.04621
2026-04-04 00:00:00,-7.2,112.4,68.59881,73.363594,74.995224
2026-04-04 00:00:00,-7.2,112.4,79.17936,85.00433,87.16302
2026-04-04 06:00:00,-7.2,112.4,18.030409,19.695736,20.031128
2026-04-04 06:00:00,-7.2,112.4,14.0930395,15.094688,15.196679
2026-04-04 12:00:00,-7.2,112.4,51.60477,54.28363,54.28847
2026-04-04 12:00:00,-7.2,112.4,61.74497,64.84453,64.95747
2026-04-04 18:00:00,-7.2,112.4,104.13766,110.245766,111.60631
2026-04-04 18:00:00,-7.2,112.4,128.11546,135.29251,136.7332
2026-04-05 00:00:00,-7.2,112.4,112.459076,118.97839,120.02488
2026-04-05 00:00:00,-7.2,112.4,133.18208,140.49869,140.50574
2026-04-05 06:00:00,-7.2,112.4,25.104824,26.790487,26.863852
2026-04-05 06:00:00,-7.2,112.4,23.43344,25.023266,25.105824
2026-04-05 12:00:00,-7.2,112.4,84.125534,89.15583,90.23569
2026-04-05 12:00:00,-7.2,112.4,93.398796,100.48364,103.31769
2026-04-05 18:00:00,-7.2,112.4,123.944916,132.3507,135.32549
2026-04-05 18:00:00,-7.2,112.4,114.42683,121.9725,124.3485
2026-04-06 00:00:00,-7.2,112.4,67.61752,73.02185,75.2159
2026-04-06 00:00:00,-7.2,112.4,82.18234,86.76244,87.2451
2026-04-06 06:00:00,-7.2,112.4,19.282248,20.803617,20.942875
2026-04-06 06:00:00,-7.2,112.4,24.581614,26.41129,26.546055
2026-04-06 12:00:00,-7.2,112.4,44.536213,47.206547,47.432766
2026-04-06 12:00:00,-7.2,112.4,49.238354,52.02632,52.267883
2026-04-06 18:00:00,-7.2,112.4,43.291348,45.881588,46.064556
2026-04-06 18:00:00,-7.2,112.4,71.722244,75.62056,75.82139
2026-04-07 00:00:00,-7.2,112.4,119.5757,125.878845,125.92892
2026-04-07 00:00:00,-7.2,112.4,79.36887,84.06312,84.10308
2026-04-07 06:00:00,-7.2,112.4,27.144527,29.066896,29.196445
2026-04-07 06:00:00,-7.2,112.4,28.24769,30.26899,30.39921
2026-04-07 12:00:00,-7.2,112.4,53.938705,57.104847,57.52738
2026-04-07 12:00:00,-7.2,112.4,41.709873,44.16268,44.422974
2026-04-07 18:00:00,-7.2,112.4,41.279266,43.765186,43.92124
2026-04-07 18:00:00,-7.2,112.4,57.979378,61.989567,63.14201
2026-04-08 00:00:00,-7.2,112.4,53.690495,57.437504,58.34326
2026-04-08 00:00:00,-7.2,112.4,55.69675,59.74897,60.879528
2026-04-08 06:00:00,-7.2,112.4,20.027727,21.547379,21.75824
2026-04-08 06:00:00,-7.2,112.4,18.192705,19.636623,19.839994
2026-04-08 12:00:00,-7.2,112.4,41.510223,44.932243,46.4492
2026-04-08 12:00:00,-7.2,112.4,78.08319,84.14344,86.64455
2026-04-08 18:00:00,-7.2,112.4,26.093449,27.583813,27.691502
2026-04-08 18:00:00,-7.2,112.4,100.76155,107.63426,110.009636
2026-04-09 00:00:00,-7.2,112.4,48.48961,51.14652,51.212193
2026-04-09 00:00:00,-7.2,112.4,47.079983,50.57375,51.878315
2026-04-09 06:00:00,-7.2,112.4,26.535503,28.610512,28.789938
2026-04-09 06:00:00,-7.2,112.4,25.752918,27.734463,27.792513
2026-04-09 12:00:00,-7.2,112.4,49.416653,52.22159,52.24062
2026-04-09 12:00:00,-7.2,112.4,49.100384,51.68543,51.68846
2026-04-09 18:00:00,-7.2,112.4,66.81478,70.28939,70.297745
2026-04-09 18:00:00,-7.2,112.4,67.61906,71.12311,71.12567
2026-04-10 00:00:00,-7.2,112.4,109.92676,116.20835,116.960106
2026-04-10 00:00:00,-7.2,112.4,84.38042,88.972855,88.97564
2026-04-10 06:00:00,-7.2,112.4,24.579176,26.416367,26.568056
2026-04-10 06:00:00,-7.2,112.4,36.40384,39.19793,39.39929
2026-04-10 12:00:00,-7.2,112.4,89.305786,94.47899,94.71273
2026-04-10 12:00:00,-7.2,112.4,55.015488,58.938026,59.239067
2026-04-10 18:00:00,-7.2,112.4,79.56129,84.00121,84.075165
2026-04-10 18:00:00,-7.2,112.4,27.806795,29.718868,29.794428
2026-04-11 00:00:00,-7.2,112.4,43.75819,46.740185,47.426735
2026-04-11 00:00:00,-7.2,112.4,51.693413,54.597042,54.737625
2026-04-11 06:00:00,-7.2,112.4,27.483938,29.333271,29.36817
2026-04-11 06:00:00,-7.2,112.4,30.677925,32.7124,32.72988
2026-04-11 12:00:00,-7.2,112.4,68.55555,72.29159,72.303406
2026-04-11 12:00:00,-7.2,112.4,78.06392,82.36878,82.38772
2026-04-11 18:00:00,-7.2,112.4,66.47457,69.947136,69.96697
2026-04-11 18:00:00,-7.2,112.4,92.20128,97.334236,97.76772
2026-04-12 00:00:00,-7.2,112.4,55.3919,58.710503,59.052547
2026-04-12 00:00:00,-7.2,112.4,39.949726,42.173794,42.240364
2026-04-12 06:00:00,-7.2,112.4,24.947796,26.628489,26.647161
2026-04-12 06:00:00,-7.2,112.4,24.6404,26.228342,26.24603
2026-04-12 12:00:00,-7.2,112.4,50.580017,53.41166,53.435028
2026-04-12 12:00:00,-7.2,112.4,51.067936,53.844505,53.84485
2026-04-12 18:00:00,-7.2,112.4,97.650856,102.97089,103.37243
2026-04-12 18:00:00,-7.2,112.4,90.63217,97.22379,99.75287
2026-04-13 00:00:00,-7.2,112.4,89.825905,95.08625,95.3338
2026-04-13 00:00:00,-7.2,112.4,122.36632,129.73697,130.82501
2026-04-13 06:00:00,-7.2,112.4,20.65351,22.629965,23.172209
2026-04-13 06:00:00,-7.2,112.4,18.571648,19.959848,20.169363
2026-04-13 12:00:00,-7.2,112.4,37.296658,40.681778,42.313904
2026-04-13 12:00:00,-7.2,112.4,26.415663,28.956627,30.25776
2026-04-13 18:00:00,-7.2,112.4,53.78413,58.574883,60.850822
2026-04-13 18:00:00,-7.2,112.4,29.19916,31.79575,33.002876
2026-04-14 00:00:00,-7.2,112.4,53.304718,58.251442,60.679043
2026-04-14 00:00:00,-7.2,112.4,48.312416,52.53775,54.54394
2026-04-14 06:00:00,-7.2,112.4,9.109659,10.873116,11.934379
2026-04-14 06:00:00,-7.2,112.4,11.98229,13.3616,13.857249
2026-04-14 12:00:00,-7.2,112.4,45.942993,51.81635,55.237865
2026-04-14 12:00:00,-7.2,112.4,45.65154,49.950024,52.108177
2026-04-14 18:00:00,-7.2,112.4,50.11445,53.764572,55.050564
2026-04-14 18:00:00,-7.2,112.4,48.63481,52.8502,54.56898
2026-04-15 00:00:00,-7.2,112.4,60.3157,65.57838,67.68772
2026-04-15 00:00:00,-7.2,112.4,75.656944,82.16978,85.09028
2026-04-15 06:00:00,-7.2,112.4,16.601866,18.1076,18.433092
2026-04-15 06:00:00,-7.2,112.4,17.508686,19.049814,19.36714
2026-04-15 12:00:00,-7.2,112.4,53.197838,57.086735,58.51878
2026-04-15 12:00:00,-7.2,112.4,48.630795,51.59676,52.21696
2026-04-15 18:00:00,-7.2,112.4,107.87591,114.88385,117.17259
2026-04-15 18:00:00,-7.2,112.4,72.316025,77.57984,79.635864
2026-04-16 00:00:00,-7.2,112.4,114.4789,124.31599,129.03229
2026-04-16 00:00:00,-7.2,112.4,121.61979,128.42918,128.56134
2026-04-16 06:00:00,-7.2,112.4,19.68926,21.272402,21.543598
2026-04-16 06:00:00,-7.2,112.4,18.906555,20.482407,20.785816
2026-04-16 12:00:00,-7.2,112.4,52.688858,55.345676,55.4554
2026-04-16 12:00:00,-7.2,112.4,38.496536,40.309177,40.309216
2026-04-16 18:00:00,-7.2,112.4,60.510674,64.300026,65.13409
2026-04-16 18:00:00,-7.2,112.4,63.76513,68.62541,70.6483
2026-04-17 00:00:00,-7.2,112.4,90.85272,97.100266,98.99207
2026-04-17 00:00:00,-7.2,112.4,85.103065,91.820656,94.65975
2026-04-17 06:00:00,-7.2,112.4,18.926872,20.274868,20.42131
2026-04-17 06:00:00,-7.2,112.4,17.30799,18.635895,18.842375
2026-04-17 12:00:00,-7.2,112.4,76.17013,81.63653,83.55056
2026-04-17 12:00:00,-7.2,112.4,75.48357,80.130806,81.14881
2026-04-17 18:00:00,-7.2,112.4,98.23742,105.67214,108.7086
2026-04-17 18:00:00,-7.2,112.4,92.82911,99.952675,102.92013
2026-04-18 00:00:00,-7.2,112.4,62.49468,66.79363,67.481834
2026-04-18 00:00:00,-7.2,112.4,90.80259,99.264694,102.957756
2026-04-18 06:00:00,-7.2,112.4,27.478321,30.168686,30.79116
2026-04-18 06:00:00,-7.2,112.4,31.58046,35.200195,36.311634
2026-04-18 12:00:00,-7.2,112.4,52.631035,56.60179,57.21801
2026-04-18 12:00:00,-7.2,112.4,113.3572,122.55646,125.53249
2026-04-18 18:00:00,-7.2,112.4,70.7974,75.64472,76.125046
2026-04-18 18:00:00,-7.2,112.4,42.241783,46.46966,48.13134
2026-04-19 00:00:00,-7.2,112.4,70.34896,75.07788,75.77284
2026-04-19 00:00:00,-7.2,112.4,79.33324,85.09534,86.05474
2026-04-19 06:00:00,-7.2,112.4,37.539402,41.591328,42.633472
2026-04-19 06:00:00,-7.2,112.4,33.215668,37.14445,38.316845
2026-04-19 12:00:00,-7.2,112.4,92.62032,98.85002,99.56477
2026-04-19 12:00:00,-7.2,112.4,108.92444,117.5772,119.67757
2026-04-19 18:00:00,-7.2,112.4,167.62016,177.21458,177.83696
2026-04-19 18:00:00,-7.2,112.4,112.98215,122.84147,126.85217
2026-04-20 00:00:00,-7.2,112.4,118.13205,128.77661,133.41396
2026-04-20 00:00:00,-7.2,112.4,102.24073,112.3546,117.28713
2026-04-20 06:00:00,-7.2,112.4,40.880714,46.63502,48.763573
2026-04-20 06:00:00,-7.2,112.4,41.535122,46.492817,48.034943
2026-04-20 12:00:00,-7.2,112.4,120.67682,133.48994,139.66246
2026-04-20 12:00:00,-7.2,112.4,119.010796,130.96678,136.57433
2026-04-20 18:00:00,-7.2,112.4,93.94279,104.319664,109.84218
2026-04-20 18:00:00,-7.2,112.4,110.58336,122.42867,128.63052
2026-04-21 00:00:00,-7.2,112.4,94.86877,103.93711,108.000336
2026-04-21 00:00:00,-7.2,112.4,106.12172,115.942894,120.36674
2026-04-21 06:00:00,-7.2,112.4,42.27559,47.53027,49.283924
2026-04-21 06:00:00,-7.2,112.4,41.863495,47.577877,49.706528
2026-04-21 12:00:00,-7.2,112.4,78.09678,84.23751,85.56225
2026-04-21 12:00:00,-7.2,112.4,40.888977,44.1928,44.96509
2026-04-21 18:00:00,-7.2,112.4,36.351295,39.110714,39.4596
2026-04-21 18:00:00,-7.2,112.4,23.634794,25.160063,25.29452
2026-04-22 00:00:00,-7.2,112.4,20.833319,22.553177,23.32456
2026-04-22 00:00:00,-7.2,112.4,38.99824,42.21348,43.53408
2026-04-22 06:00:00,-7.2,112.4,19.506096,21.207544,21.586391
2026-04-22 06:00:00,-7.2,112.4,21.824724,24.11154,24.679888
2026-04-22 12:00:00,-7.2,112.4,42.467995,45.463337,46.140472
2026-04-22 12:00:00,-7.2,112.4,48.241154,51.431324,52.076435
2026-04-22 18:00:00,-7.2,112.4,34.855255,38.869972,41.04915
2026-04-22 18:00:00,-7.2,112.4,50.908768,56.259518,59.09203
2026-04-23 00:00:00,-7.2,112.4,75.18952,81.695305,84.46023
2026-04-23 00:00:00,-7.2,112.4,74.342606,81.231125,84.67231
2026-04-23 06:00:00,-7.2,112.4,15.308437,16.846748,17.2294
2026-04-23 06:00:00,-7.2,112.4,17.319054,19.195824,19.77314
2026-04-23 12:00:00,-7.2,112.4,51.083668,55.69858,57.949345
2026-04-23 12:00:00,-7.2,112.4,54.57869,59.322117,61.343372
2026-04-23 18:00:00,-7.2,112.4,64.2878,69.58385,71.93813
2026-04-23 18:00:00,-7.2,112.4,52.06221,56.98416,59.439014
2026-04-24 00:00:00,-7.2,112.4,29.76634,32.703896,34.16643
2026-04-24 00:00:00,-7.2,112.4,41.533375,45.374645,47.29666
2026-04-24 06:00:00,-7.2,112.4,9.32652,11.132109,12.111574
2026-04-24 06:00:00,-7.2,112.4,11.981357,13.396395,13.867965
2026-04-24 12:00:00,-7.2,112.4,43.681606,48.057056,50.37865
2026-04-24 12:00:00,-7.2,112.4,41.1263,45.12483,47.212547
2026-04-24 18:00:00,-7.2,112.4,79.29896,84.86461,86.93087
2026-04-24 18:00:00,-7.2,112.4,69.00137,74.13917,76.22242
2026-04-25 00:00:00,-7.2,112.4,83.52373,90.55873,93.66306
2026-04-25 00:00:00,-7.2,112.4,74.967545,81.95144,85.51092
2026-04-25 06:00:00,-7.2,112.4,12.388988,13.884154,14.393162
2026-04-25 06:00:00,-7.2,112.4,14.462188,16.331793,16.986437
2026-04-25 12:00:00,-7.2,112.4,38.94238,42.736526,44.210514
2026-04-25 12:00:00,-7.2,112.4,34.7956,36.928288,37.292763
2026-04-25 18:00:00,-7.2,112.4,32.09044,34.4265,35.07458
2026-04-25 18:00:00,-7.2,112.4,33.940075,36.584724,37.401035
2026-04-26 00:00:00,-7.2,112.4,52.96882,57.09249,58.771133
2026-04-26 00:00:00,-7.2,112.4,60.519142,65.758286,67.994446
2026-04-26 06:00:00,-7.2,112.4,10.68802,11.402104,11.483248
2026-04-26 06:00:00,-7.2,112.4,9.491888,10.248062,10.406658
2026-04-26 12:00:00,-7.2,112.4,28.512104,30.260073,30.314339
2026-04-26 12:00:00,-7.2,112.4,29.725101,31.458715,31.459986
2026-04-26 18:00:00,-7.2,112.4,37.8518,40.111977,40.15683
2026-04-26 18:00:00,-7.2,112.4,26.75743,28.295158,28.29692
2026-04-27 00:00:00,-7.2,112.4,53.822624,57.095665,57.608204
2026-04-27 00:00:00,-7.2,112.4,73.443344,79.97886,83.00725
2026-04-27 06:00:00,-7.2,112.4,27.174301,29.105618,29.281519
2026-04-27 06:00:00,-7.2,112.4,30.155241,32.56162,32.981354
2026-04-27 12:00:00,-7.2,112.4,68.39019,72.53317,72.75827
2026-04-27 12:00:00,-7.2,112.4,71.50658,75.30247,75.30315
2026-04-27 18:00:00,-7.2,112.4,37.292145,40.729393,42.3911
2026-04-27 18:00:00,-7.2,112.4,76.37351,82.1525,84.21091
2026-04-28 00:00:00,-7.2,112.4,42.614616,46.517467,48.550392
2026-04-28 00:00:00,-7.2,112.4,70.03638,76.0549,78.90003
2026-04-28 06:00:00,-7.2,112.4,13.270402,14.048816,14.108856
2026-04-28 06:00:00,-7.2,112.4,16.347855,17.498896,17.701555
2026-04-28 12:00:00,-7.2,112.4,51.57693,55.16532,56.067986
2026-04-28 12:00:00,-7.2,112.4,45.473515,48.79354,49.850426
2026-04-28 18:00:00,-7.2,112.4,89.541405,96.40491,99.30347
2026-04-28 18:00:00,-7.2,112.4,36.35915,39.389965,40.714634
2026-04-29 00:00:00,-7.2,112.4,70.895966,76.282845,78.537025
2026-04-29 00:00:00,-7.2,112.4,33.50344,35.966965,36.7623
2026-04-29 06:00:00,-7.2,112.4,9.393108,10.0556755,10.174069
2026-04-29 06:00:00,-7.2,112.4,9.953564,10.683404,10.834392
2026-04-29 12:00:00,-7.2,112.4,36.66177,39.475452,40.66113
2026-04-29 12:00:00,-7.2,112.4,42.739693,46.061775,47.537224
2026-04-29 18:00:00,-7.2,112.4,78.366325,83.460976,85.16469
2026-04-29 18:00:00,-7.2,112.4,56.420063,60.45684,62.03351
2026-04-30 00:00:00,-7.2,112.4,39.510384,43.13567,44.945023
2026-04-30 00:00:00,-7.2,112.4,22.58175,24.734142,25.825354
2026-04-30 06:00:00,-7.2,112.4,13.600768,14.386234,14.439656
2026-04-30 06:00:00,-7.2,112.4,17.768051,18.874449,18.949486
2026-04-30 12:00:00,-7.2,112.4,51.856762,56.0031,57.735653
2026-04-30 12:00:00,-7.2,112.4,47.62426,51.594517,53.333794
2026-04-30 18:00:00,-7.2,112.4,60.488445,64.98846,66.6501
2026-04-30 18:00:00,-7.2,112.4,70.901024,76.77073,79.5157
2026-05-01 00:00:00,-7.2,112.4,45.345966,47.965782,47.999302
2026-05-01 00:00:00,-7.2,112.4,50.902493,54.122917,54.933956
2026-05-01 06:00:00,-7.2,112.4,33.872044,36.31618,36.395344
2026-05-01 06:00:00,-7.2,112.4,31.682035,33.966377,34.011173
2026-05-01 12:00:00,-7.2,112.4,75.2031,79.82732,79.86006
2026-05-01 12:00:00,-7.2,112.4,62.47484,65.96366,65.991684
2026-05-01 18:00:00,-7.2,112.4,55.48003,58.468723,58.48252
2026-05-01 18:00:00,-7.2,112.4,110.998085,117.28094,117.29975
2026-05-02 00:00:00,-7.2,112.4,34.09187,36.229588,36.642006
2026-05-02 00:00:00,-7.2,112.4,69.53309,73.372856,73.53571
2026-05-02 06:00:00,-7.2,112.4,13.871371,14.882733,14.977392
2026-05-02 06:00:00,-7.2,112.4,21.01963,22.359035,22.438772
2026-05-02 12:00:00,-7.2,112.4,51.694786,54.54467,54.67679
2026-05-02 12:00:00,-7.2,112.4,62.330173,67.45762,69.51052
2026-05-02 18:00:00,-7.2,112.4,56.207275,59.36428,59.41728
2026-05-02 18:00:00,-7.2,112.4,58.831974,62.36928,62.537537
2026-05-03 00:00:00,-7.2,112.4,101.45004,107.91433,108.716225
2026-05-03 00:00:00,-7.2,112.4,104.8565,111.287476,111.6988
2026-05-03 06:00:00,-7.2,112.4,20.705364,22.578205,22.994318
2026-05-03 06:00:00,-7.2,112.4,17.105825,18.4801,18.732176
2026-05-03 12:00:00,-7.2,112.4,44.764744,48.83776,50.816147
2026-05-03 12:00:00,-7.2,112.4,32.951855,35.72042,36.936684
2026-05-03 18:00:00,-7.2,112.4,56.421665,59.85959,60.316723
2026-05-03 18:00:00,-7.2,112.4,64.48988,69.30628,71.03347
2026-05-04 00:00:00,-7.2,112.4,92.842354,98.871056,100.20904
2026-05-04 00:00:00,-7.2,112.4,105.56033,112.372734,113.89704
2026-05-04 06:00:00,-7.2,112.4,26.120811,28.151896,28.425621
2026-05-04 06:00:00,-7.2,112.4,24.821365,27.109312,27.610418
2026-05-04 12:00:00,-7.2,112.4,73.753426,78.12588,78.44318
2026-05-04 12:00:00,-7.2,112.4,100.308685,108.65648,112.05907
2026-05-04 18:00:00,-7.2,112.4,123.719986,131.39543,132.71529
2026-05-04 18:00:00,-7.2,112.4,79.76297,84.40253,84.69976
2026-05-05 00:00:00,-7.2,112.4,137.0537,145.90483,146.27
2026-05-05 00:00:00,-7.2,112.4,136.90521,145.29764,146.12294
2026-05-05 06:00:00,-7.2,112.4,29.241829,31.901716,32.433517
2026-05-05 06:00:00,-7.2,112.4,23.612963,26.085392,26.767185
2026-05-05 12:00:00,-7.2,112.4,66.77675,73.17567,76.39221
2026-05-05 12:00:00,-7.2,112.4,64.30878,70.73976,73.76917
2026-05-05 18:00:00,-7.2,112.4,64.557755,70.2874,72.866554
2026-05-05 18:00:00,-7.2,112.4,81.74595,88.14794,90.76518
2026-05-06 00:00:00,-7.2,112.4,64.081635,68.86057,69.81844
2026-05-06 00:00:00,-7.2,112.4,72.439835,79.285545,82.247765
2026-05-06 06:00:00,-7.2,112.4,17.822697,19.634409,20.101286
2026-05-06 06:00:00,-7.2,112.4,18.578547,20.47447,20.965431
2026-05-06 12:00:00,-7.2,112.4,50.608925,55.89788,58.58084
2026-05-06 12:00:00,-7.2,112.4,56.626125,61.52254,63.79588
2026-05-06 18:00:00,-7.2,112.4,73.808334,79.58835,81.97128
2026-05-06 18:00:00,-7.2,112.4,83.71279,90.31362,92.96946
2026-05-07 00:00:00,-7.2,112.4,63.12979,68.06039,69.884094
2026-05-07 00:00:00,-7.2,112.4,72.22735,78.614845,81.159386
2026-05-07 06:00:00,-7.2,112.4,23.890585,25.991451,26.38751
2026-05-07 06:00:00,-7.2,112.4,18.867332,20.179956,20.257883
2026-05-07 12:00:00,-7.2,112.4,89.90037,97.48431,100.68436
2026-05-07 12:00:00,-7.2,112.4,71.63021,76.896866,78.956535
2026-05-07 18:00:00,-7.2,112.4,60.949844,65.52307,67.39401
2026-05-07 18:00:00,-7.2,112.4,77.17779,83.04727,85.301796
2026-05-08 00:00:00,-7.2,112.4,83.21018,90.32158,93.530556
2026-05-08 00:00:00,-7.2,112.4,67.23508,72.67067,74.86165
2026-05-08 06:00:00,-7.2,112.4,23.062298,25.20364,25.683363
2026-05-08 06:00:00,-7.2,112.4,20.395052,22.218166,22.57934
2026-05-08 12:00:00,-7.2,112.4,78.76855,83.15493,83.44631
2026-05-08 12:00:00,-7.2,112.4,48.221886,52.497086,54.55662
2026-05-08 18:00:00,-7.2,112.4,89.48729,95.01861,96.02212
2026-05-08 18:00:00,-7.2,112.4,49.4361,53.856762,55.753456
2026-05-09 00:00:00,-7.2,112.4,74.68639,80.96748,83.42681
2026-05-09 00:00:00,-7.2,112.4,83.36076,91.89034,96.3563
2026-05-09 06:00:00,-7.2,112.4,19.499357,21.861982,22.725042
2026-05-09 06:00:00,-7.2,112.4,20.597614,22.78854,23.488739
2026-05-09 12:00:00,-7.2,112.4,89.12082,97.67558,101.97789
2026-05-09 12:00:00,-7.2,112.4,112.48221,123.198845,128.50494
2026-05-09 18:00:00,-7.2,112.4,120.8395,130.03181,133.73154
2026-05-09 18:00:00,-7.2,112.4,113.39864,123.11318,127.51741
2026-05-10 00:00:00,-7.2,112.4,108.18405,115.38719,116.581245
2026-05-10 00:00:00,-7.2,112.4,79.03856,86.353455,89.90355
2026-05-10 06:00:00,-7.2,112.4,33.358135,36.773136,37.687084
2026-05-10 06:00:00,-7.2,112.4,33.518887,36.62115,37.24965
2026-05-10 12:00:00,-7.2,112.4,54.43249,57.80428,58.298687
2026-05-10 12:00:00,-7.2,112.4,69.19686,73.430725,73.89337
2026-05-10 18:00:00,-7.2,112.4,55.271,60.304047,62.35541
2026-05-10 18:00:00,-7.2,112.4,54.131134,58.50463,59.98811
2026-05-11 00:00:00,-7.2,112.4,82.70359,87.94444,88.617355
2026-05-11 00:00:00,-7.2,112.4,79.69345,85.37091,86.81241
2026-05-11 06:00:00,-7.2,112.4,17.401693,19.330837,19.94323
2026-05-11 06:00:00,-7.2,112.4,16.276783,18.316341,19.044691
2026-05-11 12:00:00,-7.2,112.4,48.368923,53.573105,56.414307
2026-05-11 12:00:00,-7.2,112.4,48.9832,54.091145,56.833286
2026-05-11 18:00:00,-7.2,112.4,61.4848,66.57768,68.75581
2026-05-11 18:00:00,-7.2,112.4,67.20643,72.83529,75.33316
2026-05-12 00:00:00,-7.2,112.4,73.94078,80.45396,83.48559
2026-05-12 00:00:00,-7.2,112.4,87.52267,95.07233,98.360886
2026-05-12 06:00:00,-7.2,112.4,27.701273,30.277971,30.807137
2026-05-12 06:00:00,-7.2,112.4,28.614807,31.437416,32.107998
2026-05-12 12:00:00,-7.2,112.4,87.64971,92.00772,93.029884
2026-05-12 12:00:00,-7.2,112.4,98.76038,104.45944,104.8225
2026-05-12 18:00:00,-7.2,112.4,89.48888,96.36921,99.03778
2026-05-12 18:00:00,-7.2,112.4,98.627365,105.42436,108.81041
2026-05-13 00:00:00,-7.2,112.4,62.583637,65.72401,66.25083
2026-05-13 00:00:00,-7.2,112.4,61.499634,66.88384,69.7957
2026-05-13 06:00:00,-7.2,112.4,29.590382,32.10837,32.589172
2026-05-13 06:00:00,-7.2,112.4,36.893402,40.595043,41.619297
2026-05-13 12:00:00,-7.2,112.4,107.02411,112.90047,113.57559
2026-05-13 12:00:00,-7.2,112.4,106.50831,113.08339,115.82517
2026-05-13 18:00:00,-7.2,112.4,97.53279,104.717514,108.22771
2026-05-13 18:00:00,-7.2,112.4,105.423,112.108925,115.07109
2026-05-14 00:00:00,-7.2,112.4,78.61382,84.6465,87.84531
2026-05-14 00:00:00,-7.2,112.4,92.079,99.70012,103.717354
2026-05-14 06:00:00,-7.2,112.4,38.865364,42.60561,43.647957
2026-05-14 06:00:00,-7.2,112.4,37.684284,41.637287,43.096977
2026-05-14 12:00:00,-7.2,112.4,86.598274,91.313835,92.63323
2026-05-14 12:00:00,-7.2,112.4,140.46169,148.39487,149.62051
2026-05-14 18:00:00,-7.2,112.4,100.874725,106.58124,107.43298
2026-05-14 18:00:00,-7.2,112.4,64.77518,67.9612,68.32266
2026-05-15 00:00:00,-7.2,112.4,48.560368,52.603313,54.41109
2026-05-15 00:00:00,-7.2,112.4,53.035988,57.402298,59.618515
2026-05-15 06:00:00,-7.2,112.4,37.61597,40.901043,41.542656
2026-05-15 06:00:00,-7.2,112.4,43.980427,47.901463,48.779057
2026-05-15 12:00:00,-7.2,112.4,56.580692,60.41171,60.957577
2026-05-15 12:00:00,-7.2,112.4,68.71414,72.100876,72.511116
2026-05-15 18:00:00,-7.2,112.4,55.855446,58.934242,59.26969
2026-05-15 18:00:00,-7.2,112.4,40.330986,42.84698,43.018417
2026-05-16 00:00:00,-7.2,112.4,83.9791,89.30397,90.453224
2026-05-16 00:00:00,-7.2,112.4,60.368053,63.43737,63.578453
2026-05-16 06:00:00,-7.2,112.4,39.509274,43.367847,44.477818
2026-05-16 06:00:00,-7.2,112.4,29.390846,31.807226,32.307446
2026-05-16 12:00:00,-7.2,112.4,47.488586,50.75264,51.314346
2026-05-16 12:00:00,-7.2,112.4,54.22376,56.994373,57.062637
2026-05-16 18:00:00,-7.2,112.4,46.295322,49.711594,50.590076
2026-05-16 18:00:00,-7.2,112.4,52.73201,55.8149,55.95788
2026-05-17 00:00:00,-7.2,112.4,54.455772,59.862885,63.019627
2026-05-17 00:00:00,-7.2,112.4,50.31591,53.45729,54.40906
2026-05-17 06:00:00,-7.2,112.4,18.029976,20.283985,21.397526
2026-05-17 06:00:00,-7.2,112.4,18.20645,22.205616,24.956833
2026-05-17 12:00:00,-7.2,112.4,28.814867,30.917934,31.729502
2026-05-17 12:00:00,-7.2,112.4,28.631685,31.918116,33.921303
2026-05-17 18:00:00,-7.2,112.4,25.217886,26.851446,27.32763
2026-05-17 18:00:00,-7.2,112.4,58.564667,63.631317,66.47997
2026-05-18 00:00:00,-7.2,112.4,73.50519,77.78425,78.40515
2026-05-18 00:00:00,-7.2,112.4,72.21456,76.99424,79.247055
2026-05-18 06:00:00,-7.2,112.4,22.857443,25.407833,26.422924
2026-05-18 06:00:00,-7.2,112.4,23.623045,26.453354,27.46041
2026-05-18 12:00:00,-7.2,112.4,53.92301,55.97406,56.15066
2026-05-18 12:00:00,-7.2,112.4,68.91406,73.56431,75.777504
2026-05-18 18:00:00,-7.2,112.4,45.26463,49.17463,51.452496
2026-05-18 18:00:00,-7.2,112.4,68.73631,72.684715,74.43856
2026-05-19 00:00:00,-7.2,112.4,111.405594,116.75627,117.45902
2026-05-19 00:00:00,-7.2,112.4,93.312225,100.50405,104.36901
2026-05-19 06:00:00,-7.2,112.4,19.244076,21.030186,21.544113
2026-05-19 06:00:00,-7.2,112.4,23.505606,25.723146,26.456493
2026-05-19 12:00:00,-7.2,112.4,51.3087,56.516605,59.57499
2026-05-19 12:00:00,-7.2,112.4,67.04954,73.146965,76.61294
2026-05-19 18:00:00,-7.2,112.4,67.59746,73.42277,76.62817
2026-05-19 18:00:00,-7.2,112.4,66.43313,69.95208,70.16615
2026-05-20 00:00:00,-7.2,112.4,74.66167,81.42285,85.37637
2026-05-20 00:00:00,-7.2,112.4,57.198524,61.98235,64.76557
2026-05-20 06:00:00,-7.2,112.4,19.563868,21.670221,22.32947
2026-05-20 06:00:00,-7.2,112.4,17.18823,18.269447,18.316303
2026-05-20 12:00:00,-7.2,112.4,35.253944,37.457294,38.446136
2026-05-20 12:00:00,-7.2,112.4,32.75222,34.10876,34.138237
2026-05-20 18:00:00,-7.2,112.4,63.676113,67.42806,69.086525
2026-05-20 18:00:00,-7.2,112.4,50.126904,52.883778,53.762733
2026-05-21 00:00:00,-7.2,112.4,42.374012,44.88169,45.984825
2026-05-21 00:00:00,-7.2,112.4,36.33354,38.361042,39.21591
2026-05-21 06:00:00,-7.2,112.4,14.341232,15.635113,15.932052
2026-05-21 06:00:00,-7.2,112.4,12.204918,13.867187,14.567366
2026-05-21 12:00:00,-7.2,112.4,37.050377,39.401268,40.36154
2026-05-21 12:00:00,-7.2,112.4,63.279686,66.88134,68.17356
2026-05-21 18:00:00,-7.2,112.4,63.112907,66.85144,68.24143
2026-05-21 18:00:00,-7.2,112.4,71.18018,75.36414,76.78102
2026-05-22 00:00:00,-7.2,112.4,38.732647,41.52352,42.78117
2026-05-22 00:00:00,-7.2,112.4,62.026287,66.51294,68.48944
2026-05-22 06:00:00,-7.2,112.4,33.029583,35.54354,36.03954
2026-05-22 06:00:00,-7.2,112.4,35.23525,37.78506,38.068726
2026-05-22 12:00:00,-7.2,112.4,64.25847,67.637924,67.772934
2026-05-22 12:00:00,-7.2,112.4,53.17385,55.844616,55.951157
2026-05-22 18:00:00,-7.2,112.4,31.764627,33.410603,33.481907
2026-05-22 18:00:00,-7.2,112.4,40.887356,43.154045,43.251743
2026-05-23 00:00:00,-7.2,112.4,54.732246,58.61321,60.536594
2026-05-23 00:00:00,-7.2,112.4,50.438896,53.517742,54.537815
2026-05-23 06:00:00,-7.2,112.4,28.31673,30.61006,31.03226
2026-05-23 06:00:00,-7.2,112.4,28.02913,30.217152,30.580082
2026-05-23 12:00:00,-7.2,112.4,104.84189,109.71553,110.05318
2026-05-23 12:00:00,-7.2,112.4,52.121647,55.039238,55.13046
2026-05-23 18:00:00,-7.2,112.4,98.75157,103.553474,103.65699
2026-05-23 18:00:00,-7.2,112.4,141.83565,149.09091,150.48914
2026-05-24 00:00:00,-7.2,112.4,72.60309,77.12799,78.807434
2026-05-24 00:00:00,-7.2,112.4,115.144585,120.901634,121.563576
2026-05-24 06:00:00,-7.2,112.4,38.166115,41.21001,41.86984
2026-05-24 06:00:00,-7.2,112.4,34.198074,36.628025,36.849262
2026-05-24 12:00:00,-7.2,112.4,55.60361,58.382328,58.531403
2026-05-24 12:00:00,-7.2,112.4,89.81897,94.59916,94.96432
2026-05-24 18:00:00,-7.2,112.4,49.20232,51.815544,51.90293
2026-05-24 18:00:00,-7.2,112.4,68.38997,72.114914,72.22786
2026-05-25 00:00:00,-7.2,112.4,65.03956,68.91844,69.5394
2026-05-25 00:00:00,-7.2,112.4,84.23143,90.35449,93.05819
2026-05-25 06:00:00,-7.2,112.4,44.351448,47.50046,47.866932
2026-05-25 06:00:00,-7.2,112.4,45.931244,49.14499,49.35013
2026-05-25 12:00:00,-7.2,112.4,59.017525,62.227913,62.38372
2026-05-25 12:00:00,-7.2,112.4,74.05754,77.93352,78.0322
2026-05-25 18:00:00,-7.2,112.4,37.35387,39.517895,39.579422
2026-05-25 18:00:00,-7.2,112.4,128.04895,134.38853,134.5507
2026-05-26 00:00:00,-7.2,112.4,120.47446,127.327095,128.37694
2026-05-26 00:00:00,-7.2,112.4,57.491062,61.277092,62.791172
2026-05-26 06:00:00,-7.2,112.4,32.013298,34.164803,34.269016
2026-05-26 06:00:00,-7.2,112.4,40.59213,43.703457,44.10835
2026-05-26 12:00:00,-7.2,112.4,61.327,64.45117,64.901886
2026-05-26 12:00:00,-7.2,112.4,65.52454,68.75382,68.85608
2026-05-26 18:00:00,-7.2,112.4,103.910736,109.15749,110.36184
2026-05-26 18:00:00,-7.2,112.4,84.87388,88.727745,88.78283
2026-05-27 00:00:00,-7.2,112.4,138.02463,144.49416,145.142
2026-05-27 00:00:00,-7.2,112.4,58.492287,62.452103,63.79372
2026-05-27 06:00:00,-7.2,112.4,33.45891,37.443928,38.863865
2026-05-27 06:00:00,-7.2,112.4,34.30416,38.489452,40.03668
2026-05-27 12:00:00,-7.2,112.4,40.269382,43.443245,44.426308
2026-05-27 12:00:00,-7.2,112.4,49.699814,53.392254,54.512463
2026-05-27 18:00:00,-7.2,112.4,58.442722,62.084324,62.562435
2026-05-27 18:00:00,-7.2,112.4,110.793,116.04829,116.42692
2026-05-28 00:00:00,-7.2,112.4,95.58835,100.98347,102.07617
2026-05-28 00:00:00,-7.2,112.4,109.86645,115.44023,116.08341
2026-05-28 06:00:00,-7.2,112.4,32.92669,36.646477,37.878067
2026-05-28 06:00:00,-7.2,112.4,33.91393,37.83168,39.206036
2026-05-28 12:00:00,-7.2,112.4,118.73726,126.08865,127.73097
2026-05-28 12:00:00,-7.2,112.4,83.56761,88.66544,89.590454
2026-05-28 18:00:00,-7.2,112.4,105.51327,111.34489,112.347664
2026-05-28 18:00:00,-7.2,112.4,123.401886,131.36014,133.85881
2026-05-29 00:00:00,-7.2,112.4,67.728874,72.49883,74.75643
2026-05-29 00:00:00,-7.2,112.4,73.08949,79.938675,83.58785
2026-05-29 06:00:00,-7.2,112.4,45.073315,51.27013,54.03664
2026-05-29 06:00:00,-7.2,112.4,35.83719,40.46937,42.409737
2026-05-29 12:00:00,-7.2,112.4,81.79944,87.12385,88.5455
2026-05-29 12:00:00,-7.2,112.4,79.55049,85.5959,87.41347
2026-05-29 18:00:00,-7.2,112.4,87.40824,92.9819,94.37275
2026-05-29 18:00:00,-7.2,112.4,85.899216,91.290306,92.88772
2026-05-30 00:00:00,-7.2,112.4,71.94598,76.666595,78.4737
2026-05-30 00:00:00,-7.2,112.4,83.69096,88.96381,90.8218
2026-05-30 06:00:00,-7.2,112.4,33.538284,37.813385,39.43686
2026-05-30 06:00:00,-7.2,112.4,34.012535,38.13613,39.632603
2026-05-30 12:00:00,-7.2,112.4,96.06185,103.07406,105.05392
2026-05-30 12:00:00,-7.2,112.4,82.457344,88.87838,90.91906
2026-05-30 18:00:00,-7.2,112.4,118.20743,125.990425,127.96994
2026-05-30 18:00:00,-7.2,112.4,70.5474,76.083725,77.98514
2026-05-31 00:00:00,-7.2,112.4,86.24699,93.40562,97.054054
2026-05-31 00:00:00,-7.2,112.4,65.44621,70.19213,72.35775
2026-05-31 06:00:00,-7.2,112.4,33.319263,37.403057,38.838318
2026-05-31 06:00:00,-7.2,112.4,31.355337,34.65839,35.591698
2026-05-31 12:00:00,-7.2,112.4,88.63998,93.001236,93.489914
2026-05-31 12:00:00,-7.2,112.4,111.09398,117.95498,119.41023
2026-05-31 18:00:00,-7.2,112.4,85.88643,91.70202,92.99208
2026-05-31 18:00:00,-7.2,112.4,67.76747,72.132256,73.17084
2026-06-01 00:00:00,-7.2,112.4,58.361977,63.240406,65.72623
2026-06-01 00:00:00,-7.2,112.4,55.910088,61.247704,64.119545
2026-06-01 06:00:00,-7.2,112.4,30.50691,34.58429,36.092606
2026-06-01 06:00:00,-7.2,112.4,32.675488,36.655754,37.992203
2026-06-01 12:00:00,-7.2,112.4,54.750263,57.982025,58.71374
2026-06-01 12:00:00,-7.2,112.4,63.04208,66.33672,66.98599
2026-06-01 18:00:00,-7.2,112.4,73.69488,78.88628,81.308205
2026-06-01 18:00:00,-7.2,112.4,80.96964,86.76824,89.51327
2026-06-02 00:00:00,-7.2,112.4,62.166977,66.734116,68.996086
2026-06-02 00:00:00,-7.2,112.4,78.147995,83.88878,86.58776
2026-06-02 06:00:00,-7.2,112.4,33.4616,37.508934,38.942375
2026-06-02 06:00:00,-7.2,112.4,36.037933,40.82633,42.70733
2026-06-02 12:00:00,-7.2,112.4,115.47109,123.20669,125.43393
2026-06-02 12:00:00,-7.2,112.4,62.63309,66.118675,66.897316
2026-06-02 18:00:00,-7.2,112.4,99.37048,107.834694,112.21306
2026-06-02 18:00:00,-7.2,112.4,70.221634,76.10765,79.14065
2026-06-03 00:00:00,-7.2,112.4,92.87777,100.83693,104.91266
2026-06-03 00:00:00,-7.2,112.4,86.6616,92.30712,94.71319
2026-06-03 06:00:00,-7.2,112.4,39.557705,46.202324,49.15724
2026-06-03 06:00:00,-7.2,112.4,31.588587,36.78844,39.09482
2026-06-03 12:00:00,-7.2,112.4,91.00887,99.12748,102.086975
2026-06-03 12:00:00,-7.2,112.4,67.85206,76.959564,82.12777
2026-06-03 18:00:00,-7.2,112.4,84.13616,92.48214,97.13705
2026-06-03 18:00:00,-7.2,112.4,52.00514,57.777367,61.12407
2026-06-04 00:00:00,-7.2,112.4,66.15278,72.11804,75.231125
2026-06-04 00:00:00,-7.2,112.4,59.61232,64.56287,67.05949
2026-06-04 06:00:00,-7.2,112.4,23.807842,26.947216,28.142996
2026-06-04 06:00:00,-7.2,112.4,22.91739,24.881927,25.273619
2026-06-04 12:00:00,-7.2,112.4,63.40383,66.39181,67.088135
2026-06-04 12:00:00,-7.2,112.4,31.614601,33.104694,33.58241
2026-06-04 18:00:00,-7.2,112.4,47.517265,51.157684,52.987675
2026-06-04 18:00:00,-7.2,112.4,79.7595,84.70641,86.815475
2026-06-05 00:00:00,-7.2,112.4,52.32823,56.984917,59.561657
2026-06-05 00:00:00,-7.2,112.4,54.031208,57.601883,59.3133
2026-06-05 06:00:00,-7.2,112.4,17.735907,20.02858,20.89194
2026-06-05 06:00:00,-7.2,112.4,16.815247,18.287857,18.630228
2026-06-05 12:00:00,-7.2,112.4,21.182394,23.21723,24.324934
2026-06-05 12:00:00,-7.2,112.4,19.283081,21.634647,22.995571
2026-06-05 18:00:00,-7.2,112.4,26.848967,29.71023,31.418764
2026-06-05 18:00:00,-7.2,112.4,18.696905,21.14746,22.678865
2026-06-06 00:00:00,-7.2,112.4,22.92531,25.204916,26.625557
2026-06-06 00:00:00,-7.2,112.4,39.278034,43.84315,46.693268
2026-06-06 06:00:00,-7.2,112.4,10.143882,11.312423,11.759273
2026-06-06 06:00:00,-7.2,112.4,11.737558,16.08625,19.181297
2026-06-06 12:00:00,-7.2,112.4,29.739933,32.469444,33.909096
2026-06-06 12:00:00,-7.2,112.4,31.152443,34.138252,35.777576
2026-06-06 18:00:00,-7.2,112.4,33.165535,36.601818,38.58368
2026-06-06 18:00:00,-7.2,112.4,29.808678,33.171448,35.122665
2026-06-07 00:00:00,-7.2,112.4,70.32344,75.474304,77.87241
2026-06-07 00:00:00,-7.2,112.4,59.083103,64.41025,67.3204
2026-06-07 06:00:00,-7.2,112.4,28.831963,33.432064,35.596363
2026-06-07 06:00:00,-7.2,112.4,27.290096,31.608625,33.595646
2026-06-07 12:00:00,-7.2,112.4,70.134605,75.63318,77.90021
2026-06-07 12:00:00,-7.2,112.4,46.24767,49.017937,49.95077
2026-06-07 18:00:00,-7.2,112.4,67.051476,72.66704,75.69082
2026-06-07 18:00:00,-7.2,112.4,74.02758,81.615555,86.04644
2026-06-08 00:00:00,-7.2,112.4,92.53131,98.98418,101.96987
2026-06-08 00:00:00,-7.2,112.4,92.86009,99.46552,102.55366
2026-06-08 06:00:00,-7.2,112.4,27.929108,31.593761,33.09802
2026-06-08 06:00:00,-7.2,112.4,28.947233,34.105885,36.821568
2026-06-08 12:00:00,-7.2,112.4,60.92597,68.48239,73.04817
2026-06-08 12:00:00,-7.2,112.4,80.08749,87.12766,90.79116
2026-06-08 18:00:00,-7.2,112.4,106.50786,116.033615,121.15436
2026-06-08 18:00:00,-7.2,112.4,96.36301,103.53,107.089134
2026-06-09 00:00:00,-7.2,112.4,100.81561,107.57043,110.54948
2026-06-09 00:00:00,-7.2,112.4,98.63112,104.90009,107.575035
2026-06-09 06:00:00,-7.2,112.4,40.93101,45.52291,47.08223
2026-06-09 06:00:00,-7.2,112.4,40.141907,44.936405,46.572613
2026-06-09 12:00:00,-7.2,112.4,73.478874,82.351616,87.57326
2026-06-09 12:00:00,-7.2,112.4,48.515804,53.307526,55.74038
2026-06-09 18:00:00,-7.2,112.4,112.43827,122.86369,128.67418
2026-06-09 18:00:00,-7.2,112.4,70.68752,76.447296,79.45516
2026-06-10 00:00:00,-7.2,112.4,83.4221,91.46959,95.982956
2026-06-10 00:00:00,-7.2,112.4,78.66464,85.98647,90.17236
2026-06-10 06:00:00,-7.2,112.4,23.556866,27.36174,29.08692
2026-06-10 06:00:00,-7.2,112.4,24.110247,28.393923,30.461575
2026-06-10 12:00:00,-7.2,112.4,65.652214,73.35297,78.04988
2026-06-10 12:00:00,-7.2,112.4,85.05964,95.11297,101.34522
2026-06-10 18:00:00,-7.2,112.4,51.699074,56.781845,59.632214
2026-06-10 18:00:00,-7.2,112.4,53.626163,58.526913,61.178127
2026-06-11 00:00:00,-7.2,112.4,89.87547,96.28212,99.28141
2026-06-11 00:00:00,-7.2,112.4,77.38083,83.41146,86.43042
2026-06-11 06:00:00,-7.2,112.4,30.777496,34.87183,36.358128
2026-06-11 06:00:00,-7.2,112.4,28.932793,32.364502,33.49682
2026-06-11 12:00:00,-7.2,112.4,57.98662,61.940285,63.807022
2026-06-11 12:00:00,-7.2,112.4,63.417816,67.8404,69.82816
2026-06-11 18:00:00,-7.2,112.4,128.86864,135.6127,137.9267
2026-06-11 18:00:00,-7.2,112.4,75.58924,80.87636,83.153
2026-06-12 00:00:00,-7.2,112.4,80.71453,86.92905,89.91822
2026-06-12 00:00:00,-7.2,112.4,73.29811,78.100815,80.3081
2026-06-12 06:00:00,-7.2,112.4,16.075003,17.887487,18.54854
2026-06-12 06:00:00,-7.2,112.4,19.693302,22.054974,22.97812
2026-06-12 12:00:00,-7.2,112.4,50.644367,55.117733,57.373314
2026-06-12 12:00:00,-7.2,112.4,60.629475,65.51141,67.796745
2026-06-12 18:00:00,-7.2,112.4,94.88519,100.928734,103.33446
2026-06-12 18:00:00,-7.2,112.4,110.05858,116.64514,119.30706
2026-06-13 00:00:00,-7.2,112.4,74.52786,79.62171,82.01511
2026-06-13 00:00:00,-7.2,112.4,119.93859,127.49308,130.73747
2026-06-13 06:00:00,-7.2,112.4,31.320469,34.640194,35.748104
2026-06-13 06:00:00,-7.2,112.4,25.448898,27.262566,27.48159
2026-06-13 12:00:00,-7.2,112.4,71.962234,75.47561,76.34185
2026-06-13 12:00:00,-7.2,112.4,85.37279,88.80198,89.0916
2026-06-13 18:00:00,-7.2,112.4,57.12953,60.255558,61.00083
2026-06-13 18:00:00,-7.2,112.4,127.155205,134.44504,137.33853
2026-06-14 00:00:00,-7.2,112.4,105.19096,111.78321,114.63703
2026-06-14 00:00:00,-7.2,112.4,113.725716,121.260994,124.57571
2026-06-14 06:00:00,-7.2,112.4,24.702238,27.762266,29.03095
2026-06-14 06:00:00,-7.2,112.4,23.389706,25.93039,26.831354
2026-06-14 12:00:00,-7.2,112.4,30.024345,32.543407,33.67999
2026-06-14 12:00:00,-7.2,112.4,43.90322,47.69458,49.65765
2026-06-14 18:00:00,-7.2,112.4,50.278103,54.371193,56.45525
2026-06-14 18:00:00,-7.2,112.4,46.53667,50.68889,52.94066
2026-06-15 00:00:00,-7.2,112.4,64.165474,69.53718,72.37111
2026-06-15 00:00:00,-7.2,112.4,81.92177,89.18346,92.91176
2026-06-15 06:00:00,-7.2,112.4,28.452799,31.493479,32.327385
2026-06-15 06:00:00,-7.2,112.4,29.524595,33.164383,34.344288
2026-06-15 12:00:00,-7.2,112.4,58.619076,62.362404,63.458458
2026-06-15 12:00:00,-7.2,112.4,109.83939,117.05873,119.63209
2026-06-15 18:00:00,-7.2,112.4,138.9285,147.4457,150.657
2026-06-15 18:00:00,-7.2,112.4,81.16263,88.14868,91.721344
2026-06-16 00:00:00,-7.2,112.4,91.819405,98.49356,101.44396
2026-06-16 00:00:00,-7.2,112.4,108.22788,114.81865,117.02224
2026-06-16 06:00:00,-7.2,112.4,31.30059,36.214745,38.41628
2026-06-16 06:00:00,-7.2,112.4,32.685566,37.110355,38.917526
2026-06-16 12:00:00,-7.2,112.4,31.821012,36.63509,39.59696
2026-06-16 12:00:00,-7.2,112.4,36.708603,41.56101,44.50326
2026-06-16 18:00:00,-7.2,112.4,63.5589,69.35773,72.49707
2026-06-16 18:00:00,-7.2,112.4,55.656403,60.299442,62.728817
2026-06-17 00:00:00,-7.2,112.4,99.82295,106.40639,109.28346
2026-06-17 00:00:00,-7.2,112.4,73.97819,78.31898,80.09317
2026-06-17 06:00:00,-7.2,112.4,27.502974,31.13716,32.579357
2026-06-17 06:00:00,-7.2,112.4,25.572369,28.143417,28.88439
2026-06-17 12:00:00,-7.2,112.4,40.593094,44.210762,46.206284
2026-06-17 12:00:00,-7.2,112.4,53.785423,59.17173,62.312553
2026-06-17 18:00:00,-7.2,112.4,53.51752,59.256897,62.806633
2026-06-17 18:00:00,-7.2,112.4,47.130493,51.00614,53.12571
2026-06-18 00:00:00,-7.2,112.4,90.62995,96.6096,99.22695
2026-06-18 00:00:00,-7.2,112.4,59.60817,64.88779,67.76434
2026-06-18 06:00:00,-7.2,112.4,39.11909,43.71538,45.22494
2026-06-18 06:00:00,-7.2,112.4,35.178886,39.36701,40.727955
2026-06-18 12:00:00,-7.2,112.4,66.035736,69.746025,70.54956
2026-06-18 12:00:00,-7.2,112.4,49.00888,51.821934,52.529194
2026-06-18 18:00:00,-7.2,112.4,65.832634,69.72471,70.768974
2026-06-18 18:00:00,-7.2,112.4,68.88217,74.22778,77.02511
2026-06-19 00:00:00,-7.2,112.4,97.344124,103.78466,106.512405
2026-06-19 00:00:00,-7.2,112.4,86.2446,92.16939,94.87394
2026-06-19 06:00:00,-7.2,112.4,35.147377,38.285183,38.996853
2026-06-19 06:00:00,-7.2,112.4,34.86064,38.19719,39.06744
2026-06-19 12:00:00,-7.2,112.4,31.585604,35.443394,37.62629
2026-06-19 12:00:00,-7.2,112.4,27.011147,29.97614,31.618435
2026-06-19 18:00:00,-7.2,112.4,61.59024,67.67454,71.09401
2026-06-19 18:00:00,-7.2,112.4,39.4717,43.30522,45.408207
2026-06-20 00:00:00,-7.2,112.4,104.818184,111.69902,114.698364
2026-06-20 00:00:00,-7.2,112.4,77.21559,83.31568,86.40194
2026-06-20 06:00:00,-7.2,112.4,20.14686,23.24396,24.6525
2026-06-20 06:00:00,-7.2,112.4,18.994228,21.759003,22.965214
2026-06-20 12:00:00,-7.2,112.4,31.965988,34.590103,35.528286
2026-06-20 12:00:00,-7.2,112.4,49.64087,55.11633,58.31185
2026-06-20 18:00:00,-7.2,112.4,51.20501,56.182682,58.975735
2026-06-20 18:00:00,-7.2,112.4,80.11778,85.80128,88.28141
2026-06-21 00:00:00,-7.2,112.4,60.959793,66.64407,69.82759
2026-06-21 00:00:00,-7.2,112.4,45.91319,51.549755,55.049183
2026-06-21 06:00:00,-7.2,112.4,17.84777,19.933977,20.71821
2026-06-21 06:00:00,-7.2,112.4,13.878456,15.431034,15.9967575
2026-06-21 12:00:00,-7.2,112.4,30.674969,33.70506,35.37677
2026-06-21 12:00:00,-7.2,112.4,27.211676,30.15494,31.792303
2026-06-21 18:00:00,-7.2,112.4,34.17285,37.33997,38.90782
2026-06-21 18:00:00,-7.2,112.4,45.400295,48.798985,50.37651
2026-06-22 00:00:00,-7.2,112.4,54.787586,59.31591,61.663628
2026-06-22 00:00:00,-7.2,112.4,55.800583,59.743626,61.442223
2026-06-22 06:00:00,-7.2,112.4,9.8475895,12.941466,15.087597
2026-06-22 06:00:00,-7.2,112.4,11.907975,14.552235,16.113056
2026-06-22 12:00:00,-7.2,112.4,33.350876,37.14311,39.23087
2026-06-22 12:00:00,-7.2,112.4,29.437428,33.619713,36.11515
2026-06-22 18:00:00,-7.2,112.4,104.4329,111.002975,113.486694
2026-06-22 18:00:00,-7.2,112.4,37.06233,41.48087,44.01891
2026-06-23 00:00:00,-7.2,112.4,67.40589,73.10655,76.06701
2026-06-23 00:00:00,-7.2,112.4,56.270107,61.938747,65.19128
2026-06-23 06:00:00,-7.2,112.4,17.433172,20.040808,21.167616
2026-06-23 06:00:00,-7.2,112.4,19.393663,22.299713,23.602943
2026-06-23 12:00:00,-7.2,112.4,66.94273,70.81189,71.89089
2026-06-23 12:00:00,-7.2,112.4,35.61684,40.1438,42.896137
2026-06-23 18:00:00,-7.2,112.4,55.995518,61.426647,64.54519
2026-06-23 18:00:00,-7.2,112.4,106.48376,113.49596,116.441925
2026-06-24 00:00:00,-7.2,112.4,53.227184,58.259354,61.084732
2026-06-24 00:00:00,-7.2,112.4,59.547146,65.0067,68.003654
2026-06-24 06:00:00,-7.2,112.4,11.9211235,14.012873,14.992907
2026-06-24 06:00:00,-7.2,112.4,12.420216,14.533508,15.50277
2026-06-24 12:00:00,-7.2,112.4,30.585958,33.918907,35.70036
2026-06-24 12:00:00,-7.2,112.4,25.506672,28.815218,30.653208
2026-06-24 18:00:00,-7.2,112.4,70.08998,75.01489,77.20536
2026-06-24 18:00:00,-7.2,112.4,49.493637,53.58497,55.639706
2026-06-25 00:00:00,-7.2,112.4,64.03678,68.72506,71.06019
2026-06-25 00:00:00,-7.2,112.4,88.49463,95.073235,98.297905
2026-06-25 06:00:00,-7.2,112.4,26.458096,28.827856,29.381147
2026-06-25 06:00:00,-7.2,112.4,28.80505,31.524937,32.232677
2026-06-25 12:00:00,-7.2,112.4,84.10473,87.92915,88.42926
2026-06-25 12:00:00,-7.2,112.4,72.45626,75.123634,75.23147
2026-06-25 18:00:00,-7.2,112.4,104.06569,111.34688,114.72099
2026-06-25 18:00:00,-7.2,112.4,85.3301,91.96566,95.37803
2026-06-26 00:00:00,-7.2,112.4,84.69169,89.742966,91.75733
2026-06-26 00:00:00,-7.2,112.4,103.629135,110.20506,112.89302
2026-06-26 06:00:00,-7.2,112.4,32.362747,36.439857,38.04829
2026-06-26 06:00:00,-7.2,112.4,20.879246,23.268238,24.145689
2026-06-26 12:00:00,-7.2,112.4,24.136913,29.214298,32.386066
2026-06-26 12:00:00,-7.2,112.4,23.241772,26.701666,28.746485
2026-06-26 18:00:00,-7.2,112.4,24.367552,28.03299,30.15925
2026-06-26 18:00:00,-7.2,112.4,33.251694,37.17688,39.371277
2026-06-27 00:00:00,-7.2,112.4,74.85465,81.40239,84.70079
2026-06-27 00:00:00,-7.2,112.4,73.12866,78.90173,81.65893
2026-06-27 06:00:00,-7.2,112.4,25.394815,29.045975,30.561438
2026-06-27 06:00:00,-7.2,112.4,24.036158,28.428347,30.52358
2026-06-27 12:00:00,-7.2,112.4,44.170353,48.555313,50.697884
2026-06-27 12:00:00,-7.2,112.4,62.49991,67.911,70.09754
2026-06-27 18:00:00,-7.2,112.4,75.45208,81.87783,85.08005
2026-06-27 18:00:00,-7.2,112.4,84.63394,90.434586,92.84741
2026-06-28 00:00:00,-7.2,112.4,92.227425,98.726105,101.56248
2026-06-28 00:00:00,-7.2,112.4,80.49631,86.34464,89.0455
2026-06-28 06:00:00,-7.2,112.4,31.012854,35.454613,37.677094
2026-06-28 06:00:00,-7.2,112.4,28.887663,33.961094,36.731277
2026-06-28 12:00:00,-7.2,112.4,61.504864,67.11383,69.34181
2026-06-28 12:00:00,-7.2,112.4,86.55201,94.09098,97.34725
2026-06-28 18:00:00,-7.2,112.4,108.153984,117.13019,121.445854
2026-06-28 18:00:00,-7.2,112.4,98.67131,106.99927,111.229095
2026-06-29 00:00:00,-7.2,112.4,67.51389,70.68917,71.434326
2026-06-29 00:00:00,-7.2,112.4,81.38369,86.71793,88.80522
2026-06-29 06:00:00,-7.2,112.4,29.822725,34.12409,35.80794
2026-06-29 06:00:00,-7.2,112.4,25.500387,29.651516,31.111671
2026-06-29 12:00:00,-7.2,112.4,83.05182,92.51147,97.741295
2026-06-29 12:00:00,-7.2,112.4,58.33115,65.319565,69.088005
2026-06-29 18:00:00,-7.2,112.4,121.12991,129.42581,132.68642
2026-06-29 18:00:00,-7.2,112.4,99.27328,105.80277,108.3381
2026-06-30 00:00:00,-7.2,112.4,118.68258,125.08457,126.99223
2026-06-30 00:00:00,-7.2,112.4,86.92115,91.28917,92.52563
2026-06-30 06:00:00,-7.2,112.4,29.794453,32.63814,33.443077
2026-06-30 06:00:00,-7.2,112.4,32.93365,36.329437,37.441692
2026-06-30 12:00:00,-7.2,112.4,74.773994,78.4612,79.07164
2026-06-30 12:00:00,-7.2,112.4,92.45525,97.94081,99.268105
2026-06-30 18:00:00,-7.2,112.4,114.03131,121.44096,124.61146
2026-06-30 18:00:00,-7.2,112.4,152.78818,163.36093,168.02153
2026-07-01 00:00:00,-7.2,112.4,101.62853,107.02724,108.630615
2026-07-01 00:00:00,-7.2,112.4,90.22813,93.97689,94.59251
2026-07-01 06:00:00,-7.2,112.4,44.251114,47.905003,48.67967
2026-07-01 06:00:00,-7.2,112.4,36.06107,38.64608,38.924877
2026-07-01 12:00:00,-7.2,112.4,28.51817,31.298456,32.69527
2026-07-01 12:00:00,-7.2,112.4,56.838593,59.95423,60.692913
2026-07-01 18:00:00,-7.2,112.4,45.263096,49.61006,52.070457
2026-07-01 18:00:00,-7.2,112.4,89.07659,95.785484,99.198135
2026-07-02 00:00:00,-7.2,112.4,93.57297,99.286125,101.63177
2026-07-02 00:00:00,-7.2,112.4,70.70827,74.70652,76.31047
2026-07-02 06:00:00,-7.2,112.4,30.38475,33.913754,35.161507
2026-07-02 06:00:00,-7.2,112.4,28.928902,31.038105,31.234766
2026-07-02 12:00:00,-7.2,112.4,47.984875,50.71735,51.447456
2026-07-02 12:00:00,-7.2,112.4,28.506313,30.724195,31.777649
2026-07-02 18:00:00,-7.2,112.4,85.98374,92.63647,96.15837
2026-07-02 18:00:00,-7.2,112.4,52.95502,57.420044,59.911087
2026-07-03 00:00:00,-7.2,112.4,96.72698,102.31827,104.47962
2026-07-03 00:00:00,-7.2,112.4,83.90208,88.90441,90.95203
2026-07-03 06:00:00,-7.2,112.4,22.731974,24.197376,24.329828
2026-07-03 06:00:00,-7.2,112.4,26.348186,28.956194,29.780104
2026-07-03 12:00:00,-7.2,112.4,50.88886,54.75595,56.77957
2026-07-03 12:00:00,-7.2,112.4,30.296156,33.390995,35.240612
2026-07-03 18:00:00,-7.2,112.4,42.440853,46.093582,48.17695
2026-07-03 18:00:00,-7.2,112.4,34.25905,36.991817,38.417355
2026-07-04 00:00:00,-7.2,112.4,62.97154,67.02914,68.82715
2026-07-04 00:00:00,-7.2,112.4,50.153717,53.05203,54.277718
2026-07-04 06:00:00,-7.2,112.4,17.487724,19.485487,20.198402
2026-07-04 06:00:00,-7.2,112.4,14.275585,15.456084,15.710345
2026-07-04 12:00:00,-7.2,112.4,28.497894,30.739195,31.89284
2026-07-04 12:00:00,-7.2,112.4,20.378017,22.335506,23.4199
2026-07-04 18:00:00,-7.2,112.4,38.178486,40.67552,41.749763
2026-07-04 18:00:00,-7.2,112.4,51.964367,55.18297,56.531727
2026-07-05 00:00:00,-7.2,112.4,69.49642,73.84,75.70134
2026-07-05 00:00:00,-7.2,112.4,45.854477,48.1366,48.902275
2026-07-05 06:00:00,-7.2,112.4,21.715057,24.265461,25.165764
2026-07-05 06:00:00,-7.2,112.4,16.500713,17.583122,17.6493
2026-07-05 12:00:00,-7.2,112.4,34.32915,37.299873,38.911625
2026-07-05 12:00:00,-7.2,112.4,21.422676,23.95977,25.518673
2026-07-05 18:00:00,-7.2,112.4,50.192165,54.335472,56.49497
2026-07-05 18:00:00,-7.2,112.4,26.267384,28.867302,30.264423
2026-07-06 00:00:00,-7.2,112.4,60.512547,64.983,67.0554
2026-07-06 00:00:00,-7.2,112.4,65.60879,69.84505,71.60293
2026-07-06 06:00:00,-7.2,112.4,31.988218,34.686382,35.256596
2026-07-06 06:00:00,-7.2,112.4,33.218403,36.216774,36.98799
2026-07-06 12:00:00,-7.2,112.4,110.924416,115.6834,116.01913
2026-07-06 12:00:00,-7.2,112.4,62.45807,65.874016,66.85366
2026-07-06 18:00:00,-7.2,112.4,98.284996,103.81359,105.419136
2026-07-06 18:00:00,-7.2,112.4,79.496376,86.01501,89.48064
2026-07-07 00:00:00,-7.2,112.4,90.0323,95.22756,97.23681
2026-07-07 00:00:00,-7.2,112.4,102.556725,109.15471,111.89269
2026-07-07 06:00:00,-7.2,112.4,27.66184,31.646189,33.644604
2026-07-07 06:00:00,-7.2,112.4,30.882664,34.580643,36.1488
2026-07-07 12:00:00,-7.2,112.4,69.13922,77.40539,82.372536
2026-07-07 12:00:00,-7.2,112.4,61.111336,69.156105,74.047935
2026-07-07 18:00:00,-7.2,112.4,92.59912,100.35353,104.23372
2026-07-07 18:00:00,-7.2,112.4,98.412155,106.99472,111.416855
2026-07-08 00:00:00,-7.2,112.4,117.0921,123.75631,126.00538
2026-07-08 00:00:00,-7.2,112.4,92.799385,97.67018,99.264244
2026-07-08 06:00:00,-7.2,112.4,28.092995,36.86424,43.599167
2026-07-08 06:00:00,-7.2,112.4,21.558474,26.040369,28.891869
2026-07-08 12:00:00,-7.2,112.4,76.56507,85.44612,90.95879
2026-07-08 12:00:00,-7.2,112.4,34.14577,39.2464,42.308968
2026-07-08 18:00:00,-7.2,112.4,72.64742,79.361595,82.89976
2026-07-08 18:00:00,-7.2,112.4,102.280975,110.7901,115.08706
2026-07-09 00:00:00,-7.2,112.4,121.083015,128.49791,131.33144
2026-07-09 00:00:00,-7.2,112.4,123.29627,130.46611,133.13667
2026-07-09 06:00:00,-7.2,112.4,26.639942,30.360947,32.44217
2026-07-09 06:00:00,-7.2,112.4,21.489485,26.232832,29.44732
2026-07-09 12:00:00,-7.2,112.4,74.30094,83.33882,89.04351
2026-07-09 12:00:00,-7.2,112.4,46.611816,52.439598,55.977642
2026-07-09 18:00:00,-7.2,112.4,99.26538,108.10857,112.57259
2026-07-09 18:00:00,-7.2,112.4,61.71149,68.566864,72.36577
2026-07-10 00:00:00,-7.2,112.4,98.79971,104.20047,106.03401
2026-07-10 00:00:00,-7.2,112.4,114.29097,121.36723,124.08208
2026-07-10 06:00:00,-7.2,112.4,17.870022,20.264547,21.306427
2026-07-10 06:00:00,-7.2,112.4,19.415066,21.755589,22.742537
2026-07-10 12:00:00,-7.2,112.4,46.74587,51.486744,54.196632
2026-07-10 12:00:00,-7.2,112.4,32.75712,36.8173,39.215385
2026-07-10 18:00:00,-7.2,112.4,74.95163,80.97839,83.95972
2026-07-10 18:00:00,-7.2,112.4,51.558903,56.19932,58.526962
2026-07-11 00:00:00,-7.2,112.4,109.788,116.56658,119.25613
2026-07-11 00:00:00,-7.2,112.4,99.76748,104.756,106.26479
2026-07-11 06:00:00,-7.2,112.4,30.49988,36.81642,40.52577
2026-07-11 06:00:00,-7.2,112.4,28.965242,35.14638,38.777405
2026-07-11 12:00:00,-7.2,112.4,64.25603,73.71324,79.755806
2026-07-11 12:00:00,-7.2,112.4,42.134144,49.45883,54.155823
2026-07-11 18:00:00,-7.2,112.4,51.13969,57.2295,60.793526
2026-07-11 18:00:00,-7.2,112.4,70.51807,78.45182,83.202225
2026-07-12 00:00:00,-7.2,112.4,85.22625,91.90092,95.158615
2026-07-12 00:00:00,-7.2,112.4,77.81523,84.85955,88.52436
2026-07-12 06:00:00,-7.2,112.4,23.73497,28.176945,30.339848
2026-07-12 06:00:00,-7.2,112.4,23.791714,28.399267,30.666485
2026-07-12 12:00:00,-7.2,112.4,45.799553,51.548508,54.950134
2026-07-12 12:00:00,-7.2,112.4,24.690767,28.737152,31.146715
2026-07-12 18:00:00,-7.2,112.4,60.208263,65.56462,68.312546
2026-07-12 18:00:00,-7.2,112.4,36.514946,39.752186,41.283024
2026-07-13 00:00:00,-7.2,112.4,80.42196,85.748695,87.972694
2026-07-13 00:00:00,-7.2,112.4,73.59813,79.1249,81.70196
2026-07-13 06:00:00,-7.2,112.4,24.11755,27.453407,28.808594
2026-07-13 06:00:00,-7.2,112.4,19.689373,22.15112,23.084883
2026-07-13 12:00:00,-7.2,112.4,39.843616,44.268772,46.88933
2026-07-13 12:00:00,-7.2,112.4,24.640886,27.825897,29.657236
2026-07-13 18:00:00,-7.2,112.4,42.76095,47.05463,49.319263
2026-07-13 18:00:00,-7.2,112.4,25.462584,28.657595,30.385277
2026-07-14 00:00:00,-7.2,112.4,66.69967,72.79374,75.86931
2026-07-14 00:00:00,-7.2,112.4,69.65308,74.312935,76.24334
2026-07-14 06:00:00,-7.2,112.4,30.190851,34.11962,35.777637
2026-07-14 06:00:00,-7.2,112.4,29.770103,33.319992,34.732075
2026-07-14 12:00:00,-7.2,112.4,32.21816,36.0275,38.337612
2026-07-14 12:00:00,-7.2,112.4,22.176035,25.150373,26.909958
2026-07-14 18:00:00,-7.2,112.4,44.18233,48.05981,49.96387
2026-07-14 18:00:00,-7.2,112.4,63.41503,69.20339,72.33058
2026-07-15 00:00:00,-7.2,112.4,45.790325,50.94028,53.897552
2026-07-15 00:00:00,-7.2,112.4,37.571636,40.66941,42.287758
2026-07-15 06:00:00,-7.2,112.4,18.35276,24.22548,28.204529
2026-07-15 06:00:00,-7.2,112.4,15.871564,21.655716,25.773802
2026-07-15 12:00:00,-7.2,112.4,19.86015,23.603388,25.852148
2026-07-15 12:00:00,-7.2,112.4,17.537125,21.761036,24.376667
2026-07-15 18:00:00,-7.2,112.4,40.249218,44.001366,45.82808
2026-07-15 18:00:00,-7.2,112.4,27.806866,30.946812,32.592678
2026-07-16 00:00:00,-7.2,112.4,96.8501,101.74767,103.17399
2026-07-16 00:00:00,-7.2,112.4,81.5561,85.826454,87.31752
2026-07-16 06:00:00,-7.2,112.4,25.06001,27.894892,29.039064
2026-07-16 06:00:00,-7.2,112.4,28.80109,32.74189,34.63343
2026-07-16 12:00:00,-7.2,112.4,61.88543,68.00156,71.57718
2026-07-16 12:00:00,-7.2,112.4,36.274208,40.51248,43.034462
2026-07-16 18:00:00,-7.2,112.4,71.582466,78.160324,81.79342
2026-07-16 18:00:00,-7.2,112.4,44.541016,48.491447,50.5448
2026-07-17 00:00:00,-7.2,112.4,98.49651,104.97325,107.7766
2026-07-17 00:00:00,-7.2,112.4,101.060036,109.02465,112.94543
2026-07-17 06:00:00,-7.2,112.4,38.135555,42.630356,44.378014
2026-07-17 06:00:00,-7.2,112.4,35.36217,39.613693,41.257057
2026-07-17 12:00:00,-7.2,112.4,25.646067,30.011244,32.85923
2026-07-17 12:00:00,-7.2,112.4,38.942917,42.076027,43.45307
2026-07-17 18:00:00,-7.2,112.4,38.63377,42.803524,45.2104
2026-07-17 18:00:00,-7.2,112.4,52.337067,57.42308,60.401703
2026-07-18 00:00:00,-7.2,112.4,95.41742,102.15246,105.30664
2026-07-18 00:00:00,-7.2,112.4,94.8587,102.4207,106.18589
2026-07-18 06:00:00,-7.2,112.4,30.909937,35.549225,37.75426
2026-07-18 06:00:00,-7.2,112.4,30.640059,36.557335,39.86908
2026-07-18 12:00:00,-7.2,112.4,47.8791,55.83346,60.973263
2026-07-18 12:00:00,-7.2,112.4,76.03114,84.83272,90.21272
2026-07-18 18:00:00,-7.2,112.4,68.0069,76.17581,81.00727
2026-07-18 18:00:00,-7.2,112.4,71.584114,80.162125,85.40917
2026-07-19 00:00:00,-7.2,112.4,99.547775,107.61886,111.70084
2026-07-19 00:00:00,-7.2,112.4,112.28622,122.04447,127.07073
2026-07-19 06:00:00,-7.2,112.4,32.849216,38.949482,42.375343
2026-07-19 06:00:00,-7.2,112.4,31.41465,37.3253,40.640232
2026-07-19 12:00:00,-7.2,112.4,90.211815,97.36687,100.01111
2026-07-19 12:00:00,-7.2,112.4,66.52607,75.429115,79.76098
2026-07-19 18:00:00,-7.2,112.4,98.11077,108.30371,114.23305
2026-07-19 18:00:00,-7.2,112.4,65.73629,74.07715,79.06902
2026-07-20 00:00:00,-7.2,112.4,83.47996,89.6959,92.5483
2026-07-20 00:00:00,-7.2,112.4,87.55171,95.506836,99.59428
2026-07-20 06:00:00,-7.2,112.4,25.018806,36.02723,44.500668
2026-07-20 06:00:00,-7.2,112.4,26.55225,34.12421,39.389366
2026-07-20 12:00:00,-7.2,112.4,59.024693,68.243195,74.19101
2026-07-20 12:00:00,-7.2,112.4,30.533733,35.53315,38.584106
2026-07-20 18:00:00,-7.2,112.4,107.987434,119.16927,125.217636
2026-07-20 18:00:00,-7.2,112.4,56.57135,62.60285,65.8456
2026-07-21 00:00:00,-7.2,112.4,94.090355,99.861946,102.02342
2026-07-21 00:00:00,-7.2,112.4,75.42877,80.08959,81.95155
2026-07-21 06:00:00,-7.2,112.4,31.656885,36.411087,38.97139
2026-07-21 06:00:00,-7.2,112.4,27.056213,31.084576,33.262707
2026-07-21 12:00:00,-7.2,112.4,58.646664,65.800125,69.97755
2026-07-21 12:00:00,-7.2,112.4,63.993355,70.93735,74.680145
2026-07-21 18:00:00,-7.2,112.4,117.07527,125.68739,129.46811
2026-07-21 18:00:00,-7.2,112.4,119.15506,128.2632,132.62326
2026-07-22 00:00:00,-7.2,112.4,114.645386,120.91562,122.92253
2026-07-22 00:00:00,-7.2,112.4,86.398415,90.23398,91.11164
2026-07-22 06:00:00,-7.2,112.4,30.534115,36.41961,40.131363
2026-07-22 06:00:00,-7.2,112.4,26.500486,30.147415,32.037098
2026-07-22 12:00:00,-7.2,112.4,62.683228,69.81889,73.733475
2026-07-22 12:00:00,-7.2,112.4,66.20979,74.60011,79.60682
2026-07-22 18:00:00,-7.2,112.4,78.34547,86.22567,90.58954
2026-07-22 18:00:00,-7.2,112.4,90.429924,98.71974,102.92007
2026-07-23 00:00:00,-7.2,112.4,92.79609,98.725426,100.98836
2026-07-23 00:00:00,-7.2,112.4,68.9858,72.691536,73.88502
2026-07-23 06:00:00,-7.2,112.4,25.060387,28.025503,29.441938
2026-07-23 06:00:00,-7.2,112.4,28.992699,32.450935,34.132095
2026-07-23 12:00:00,-7.2,112.4,61.013393,67.40629,70.77261
2026-07-23 12:00:00,-7.2,112.4,69.60346,77.62361,82.46184
2026-07-23 18:00:00,-7.2,112.4,106.68606,116.00696,120.873665
2026-07-23 18:00:00,-7.2,112.4,161.08652,171.96725,176.44635
2026-07-24 00:00:00,-7.2,112.4,135.90431,143.9675,146.80649
2026-07-24 00:00:00,-7.2,112.4,110.436134,116.36149,118.26705
2026-07-24 06:00:00,-7.2,112.4,28.051897,35.926643,42.036324
2026-07-24 06:00:00,-7.2,112.4,23.718006,31.34182,37.34325
2026-07-24 12:00:00,-7.2,112.4,56.95422,63.50638,67.36064
2026-07-24 12:00:00,-7.2,112.4,67.55687,74.64524,78.75872
2026-07-24 18:00:00,-7.2,112.4,75.25802,82.04097,85.40815
2026-07-24 18:00:00,-7.2,112.4,79.29952,86.317924,89.81215
2026-07-25 00:00:00,-7.2,112.4,135.00807,142.34604,144.67583
2026-07-25 00:00:00,-7.2,112.4,102.36448,106.83124,107.73863
2026-07-25 06:00:00,-7.2,112.4,21.723803,29.155924,35.08419
2026-07-25 06:00:00,-7.2,112.4,16.038885,22.93134,28.517696
2026-07-25 12:00:00,-7.2,112.4,52.167706,57.691723,60.921764
2026-07-25 12:00:00,-7.2,112.4,25.096834,29.72516,32.5896
2026-07-25 18:00:00,-7.2,112.4,68.26161,74.50098,77.57069
2026-07-25 18:00:00,-7.2,112.4,96.998405,104.61923,108.33014
2026-07-26 00:00:00,-7.2,112.4,113.27478,119.975365,122.42111
2026-07-26 00:00:00,-7.2,112.4,110.42561,117.50399,120.34872
2026-07-26 06:00:00,-7.2,112.4,22.409147,27.189608,29.954407
2026-07-26 06:00:00,-7.2,112.4,21.666927,26.081377,28.59711
2026-07-26 12:00:00,-7.2,112.4,44.327545,49.576378,52.519505
2026-07-26 12:00:00,-7.2,112.4,26.46125,30.528889,32.910767
2026-07-26 18:00:00,-7.2,112.4,72.64475,78.989845,82.17086
2026-07-26 18:00:00,-7.2,112.4,68.11382,73.84904,76.563255
2026-07-27 00:00:00,-7.2,112.4,114.30382,120.90493,123.1785
2026-07-27 00:00:00,-7.2,112.4,96.897736,104.15181,107.42292
2026-07-27 06:00:00,-7.2,112.4,24.06763,27.206486,28.533585
2026-07-27 06:00:00,-7.2,112.4,23.171577,26.441757,27.915323
2026-07-27 12:00:00,-7.2,112.4,29.769598,33.389458,35.38003
2026-07-27 12:00:00,-7.2,112.4,21.34563,25.104025,27.30053
2026-07-27 18:00:00,-7.2,112.4,45.185387,48.888832,50.528137
2026-07-27 18:00:00,-7.2,112.4,49.287575,53.12797,54.812763
2026-07-28 00:00:00,-7.2,112.4,105.63849,111.64127,113.69974
2026-07-28 00:00:00,-7.2,112.4,65.55752,68.364784,68.968346
2026-07-28 06:00:00,-7.2,112.4,25.876207,29.355827,30.794502
2026-07-28 06:00:00,-7.2,112.4,17.535364,19.034819,19.36888
2026-07-28 12:00:00,-7.2,112.4,30.641605,33.21928,34.529953
2026-07-28 12:00:00,-7.2,112.4,24.00527,27.045559,28.83819
2026-07-28 18:00:00,-7.2,112.4,84.43641,89.39196,91.216125
2026-07-28 18:00:00,-7.2,112.4,46.779835,50.87205,52.853256
2026-07-29 00:00:00,-7.2,112.4,77.6555,83.17857,85.693954
2026-07-29 00:00:00,-7.2,112.4,91.4045,97.466515,100.01304
2026-07-29 06:00:00,-7.2,112.4,36.866726,41.84384,43.816437
2026-07-29 06:00:00,-7.2,112.4,33.694378,39.073868,41.475937
2026-07-29 12:00:00,-7.2,112.4,46.579487,52.26314,55.47649
2026-07-29 12:00:00,-7.2,112.4,41.58394,47.629395,51.171497
2026-07-29 18:00:00,-7.2,112.4,59.754597,65.2438,68.17601
2026-07-29 18:00:00,-7.2,112.4,53.460667,59.05394,62.111214
2026-07-30 00:00:00,-7.2,112.4,83.36047,91.04594,95.12905
2026-07-30 00:00:00,-7.2,112.4,94.12184,101.91576,105.87621
2026-07-30 06:00:00,-7.2,112.4,31.02851,36.666737,39.348816
2026-07-30 06:00:00,-7.2,112.4,34.610508,40.426643,43.051758
2026-07-30 12:00:00,-7.2,112.4,39.38425,45.05376,48.428047
2026-07-30 12:00:00,-7.2,112.4,42.965233,51.248146,56.343033
2026-07-30 18:00:00,-7.2,112.4,46.01869,51.059677,53.89985
2026-07-30 18:00:00,-7.2,112.4,39.59689,44.739082,47.668427
2026-07-31 00:00:00,-7.2,112.4,79.760864,88.34831,93.00322
2026-07-31 00:00:00,-7.2,112.4,83.36775,90.22756,93.541245
2026-07-31 06:00:00,-7.2,112.4,31.491058,38.456078,42.060135
2026-07-31 06:00:00,-7.2,112.4,31.363762,38.211597,41.720734
2026-07-31 12:00:00,-7.2,112.4,43.883,49.813198,53.31554
2026-07-31 12:00:00,-7.2,112.4,27.556307,32.284966,35.168186
2026-07-31 18:00:00,-7.2,112.4,40.462173,45.056465,47.62751
2026-07-31 18:00:00,-7.2,112.4,65.95587,73.02248,77.103775
2026-08-01 00:00:00,-7.2,112.4,58.513287,64.050934,66.98343
2026-08-01 00:00:00,-7.2,112.4,51.5024,56.96011,59.985268
2026-08-01 06:00:00,-7.2,112.4,25.409576,30.22193,32.61193
2026-08-01 06:00:00,-7.2,112.4,24.0375,28.524504,30.74479
2026-08-01 12:00:00,-7.2,112.4,22.06556,26.075104,28.501066
2026-08-01 12:00:00,-7.2,112.4,17.906252,21.957207,24.413385
2026-08-01 18:00:00,-7.2,112.4,26.93339,31.265085,33.82197
2026-08-01 18:00:00,-7.2,112.4,17.315504,21.310068,23.751696
2026-08-02 00:00:00,-7.2,112.4,61.401806,67.28896,70.21828
2026-08-02 00:00:00,-7.2,112.4,69.13461,74.80838,77.458534
2026-08-02 06:00:00,-7.2,112.4,9.595418,15.037148,19.112125
2026-08-02 06:00:00,-7.2,112.4,14.135811,19.993174,24.076332
2026-08-02 12:00:00,-7.2,112.4,14.387105,17.629309,19.601885
2026-08-02 12:00:00,-7.2,112.4,12.49309,15.736745,17.726027
2026-08-02 18:00:00,-7.2,112.4,11.470824,14.053256,15.694035
2026-08-02 18:00:00,-7.2,112.4,11.414123,13.844669,15.368897
2026-08-03 00:00:00,-7.2,112.4,26.737347,29.825117,31.475504
2026-08-03 00:00:00,-7.2,112.4,12.260106,15.888357,18.305847
2026-08-03 06:00:00,-7.2,112.4,9.682456,16.026114,20.833574
2026-08-03 06:00:00,-7.2,112.4,10.972062,17.870146,23.135677
2026-08-03 12:00:00,-7.2,112.4,24.133125,28.867237,31.672794
2026-08-03 12:00:00,-7.2,112.4,17.704668,21.013416,22.89163
2026-08-03 18:00:00,-7.2,112.4,28.427582,33.130505,35.84694
2026-08-03 18:00:00,-7.2,112.4,22.788437,26.439285,28.499193
2026-08-04 00:00:00,-7.2,112.4,62.33813,66.98031,68.95994
2026-08-04 00:00:00,-7.2,112.4,52.403133,58.027855,60.88959
2026-08-04 06:00:00,-7.2,112.4,21.388956,25.974504,28.280085
2026-08-04 06:00:00,-7.2,112.4,23.365768,28.034922,30.308466
2026-08-04 12:00:00,-7.2,112.4,36.152744,41.35769,44.28011
2026-08-04 12:00:00,-7.2,112.4,25.602716,30.90583,34.11497
2026-08-04 18:00:00,-7.2,112.4,30.772255,33.854122,35.424644
2026-08-04 18:00:00,-7.2,112.4,47.116417,51.37363,53.47658
2026-08-05 00:00:00,-7.2,112.4,60.077923,64.88881,67.16516
2026-08-05 00:00:00,-7.2,112.4,57.499752,61.74429,63.677647
2026-08-05 06:00:00,-7.2,112.4,32.04021,36.540356,38.451748
2026-08-05 06:00:00,-7.2,112.4,23.207174,27.052992,28.859539
2026-08-05 12:00:00,-7.2,112.4,22.195585,25.102427,26.793686
2026-08-05 12:00:00,-7.2,112.4,42.856,46.89811,48.98707
2026-08-05 18:00:00,-7.2,112.4,44.502277,47.922684,49.46576
2026-08-05 18:00:00,-7.2,112.4,29.508005,31.738554,32.753265
2026-08-06 00:00:00,-7.2,112.4,82.875885,88.027374,90.15144
2026-08-06 00:00:00,-7.2,112.4,62.228367,65.43189,66.464676
2026-08-06 06:00:00,-7.2,112.4,22.96439,25.802294,26.924906
2026-08-06 06:00:00,-7.2,112.4,27.466732,31.092001,32.573513
2026-08-06 12:00:00,-7.2,112.4,29.833736,33.591076,35.79503
2026-08-06 12:00:00,-7.2,112.4,19.611853,21.914726,23.183315
2026-08-06 18:00:00,-7.2,112.4,37.748196,40.557796,41.84187
2026-08-06 18:00:00,-7.2,112.4,43.94562,48.07194,50.28943
2026-08-07 00:00:00,-7.2,112.4,73.01537,77.85019,79.89837
2026-08-07 00:00:00,-7.2,112.4,76.57252,82.83394,85.940254
2026-08-07 06:00:00,-7.2,112.4,27.67814,31.224194,32.629143
2026-08-07 06:00:00,-7.2,112.4,27.922876,31.698761,33.27965
2026-08-07 12:00:00,-7.2,112.4,26.955795,30.855976,33.236473
2026-08-07 12:00:00,-7.2,112.4,19.3664,22.165697,23.775293
2026-08-07 18:00:00,-7.2,112.4,62.40498,67.99928,70.73169
2026-08-07 18:00:00,-7.2,112.4,47.37163,51.577305,53.54665
2026-08-08 00:00:00,-7.2,112.4,71.50391,78.48416,82.31484
2026-08-08 00:00:00,-7.2,112.4,69.96794,76.05121,79.213806
2026-08-08 06:00:00,-7.2,112.4,30.84816,35.108006,36.897133
2026-08-08 06:00:00,-7.2,112.4,32.727077,37.00037,38.787693
2026-08-08 12:00:00,-7.2,112.4,120.116,128.16805,131.2153
2026-08-08 12:00:00,-7.2,112.4,43.139397,47.79792,50.317413
2026-08-08 18:00:00,-7.2,112.4,118.98112,128.46942,133.26462
2026-08-08 18:00:00,-7.2,112.4,85.696686,92.68973,96.20896
2026-08-09 00:00:00,-7.2,112.4,108.01887,114.714966,117.278885
2026-08-09 00:00:00,-7.2,112.4,115.8694,123.92218,127.35643
2026-08-09 06:00:00,-7.2,112.4,34.42721,38.70911,40.516766
2026-08-09 06:00:00,-7.2,112.4,36.212368,39.741356,40.93117
2026-08-09 12:00:00,-7.2,112.4,25.75198,29.680393,32.060425
2026-08-09 12:00:00,-7.2,112.4,23.843327,27.709242,30.131111
2026-08-09 18:00:00,-7.2,112.4,93.802155,100.65355,103.77613
2026-08-09 18:00:00,-7.2,112.4,95.05953,101.61557,104.406296
2026-08-10 00:00:00,-7.2,112.4,100.302315,106.788376,109.39504
2026-08-10 00:00:00,-7.2,112.4,103.38039,110.02675,112.780075
2026-08-10 06:00:00,-7.2,112.4,37.595203,42.170258,44.01269
2026-08-10 06:00:00,-7.2,112.4,39.098972,43.64907,45.432217
2026-08-10 12:00:00,-7.2,112.4,36.182285,42.55273,46.606224
2026-08-10 12:00:00,-7.2,112.4,21.823973,27.969488,32.000126
2026-08-10 18:00:00,-7.2,112.4,40.873955,45.93834,48.83964
2026-08-10 18:00:00,-7.2,112.4,72.8877,79.86637,83.659645
2026-08-11 00:00:00,-7.2,112.4,71.00044,76.715195,79.49035
2026-08-11 00:00:00,-7.2,112.4,66.670395,74.369896,78.73092
2026-08-11 06:00:00,-7.2,112.4,35.90635,40.76053,42.815166
2026-08-11 06:00:00,-7.2,112.4,38.95747,45.57763,48.763897
2026-08-11 12:00:00,-7.2,112.4,19.270952,22.47818,24.502945
2026-08-11 12:00:00,-7.2,112.4,35.34445,40.7018,44.013237
2026-08-11 18:00:00,-7.2,112.4,101.596924,111.645935,117.14434
2026-08-11 18:00:00,-7.2,112.4,54.116318,58.927883,61.447964
2026-08-12 00:00:00,-7.2,112.4,83.97956,91.44213,95.24888
2026-08-12 00:00:00,-7.2,112.4,88.15988,94.45358,97.29786
2026-08-12 06:00:00,-7.2,112.4,31.666157,36.03984,37.899715
2026-08-12 06:00:00,-7.2,112.4,28.535069,32.56014,34.29007
2026-08-12 12:00:00,-7.2,112.4,36.354992,39.69818,41.534958
2026-08-12 12:00:00,-7.2,112.4,25.957483,29.536629,31.752058
2026-08-12 18:00:00,-7.2,112.4,64.5245,69.31111,71.649086
2026-08-12 18:00:00,-7.2,112.4,45.73953,49.645527,51.5717
2026-08-13 00:00:00,-7.2,112.4,109.59235,116.36405,119.0607
2026-08-13 00:00:00,-7.2,112.4,90.47846,96.75938,99.62128
2026-08-13 06:00:00,-7.2,112.4,39.949512,44.654915,46.38479
2026-08-13 06:00:00,-7.2,112.4,42.46419,47.27479,48.977463
2026-08-13 12:00:00,-7.2,112.4,33.767338,38.537785,41.470917
2026-08-13 12:00:00,-7.2,112.4,23.67261,26.243317,27.7908
2026-08-13 18:00:00,-7.2,112.4,85.664116,93.23475,97.37096
2026-08-13 18:00:00,-7.2,112.4,44.28307,47.57616,49.14464
2026-08-14 00:00:00,-7.2,112.4,75.69787,81.519035,84.42982
2026-08-14 00:00:00,-7.2,112.4,58.302177,62.879906,65.27358
2026-08-14 06:00:00,-7.2,112.4,49.044205,54.19727,56.02037
2026-08-14 06:00:00,-7.2,112.4,41.573025,45.214226,46.288555
2026-08-14 12:00:00,-7.2,112.4,59.085033,63.185383,64.679
2026-08-14 12:00:00,-7.2,112.4,32.205936,34.39103,35.010586
2026-08-14 18:00:00,-7.2,112.4,57.00055,61.76799,64.37955
2026-08-14 18:00:00,-7.2,112.4,105.71591,113.165985,116.67941
2026-08-15 00:00:00,-7.2,112.4,92.53182,98.33326,100.68465
2026-08-15 00:00:00,-7.2,112.4,102.88983,109.84991,112.87159
2026-08-15 06:00:00,-7.2,112.4,43.08229,47.81257,49.564392
2026-08-15 06:00:00,-7.2,112.4,41.068428,46.00847,47.968243
2026-08-15 12:00:00,-7.2,112.4,47.681995,52.780148,55.587967
2026-08-15 12:00:00,-7.2,112.4,27.120115,32.351116,35.768044
2026-08-15 18:00:00,-7.2,112.4,75.73533,82.742874,86.65762
2026-08-15 18:00:00,-7.2,112.4,43.293385,47.8726,50.46179
2026-08-16 00:00:00,-7.2,112.4,94.278336,104.002655,109.443306
2026-08-16 00:00:00,-7.2,112.4,83.4064,90.394165,94.02919
2026-08-16 06:00:00,-7.2,112.4,29.38713,34.84582,37.65316
2026-08-16 06:00:00,-7.2,112.4,26.674343,31.20868,33.36955
2026-08-16 12:00:00,-7.2,112.4,22.897354,26.798414,29.261528
2026-08-16 12:00:00,-7.2,112.4,15.979619,17.988808,19.12094
2026-08-16 18:00:00,-7.2,112.4,36.33188,39.647076,41.36475
2026-08-16 18:00:00,-7.2,112.4,22.628254,24.738142,25.802055
2026-08-17 00:00:00,-7.2,112.4,80.5793,84.98676,86.21567
2026-08-17 00:00:00,-7.2,112.4,58.419415,64.36193,67.50122
2026-08-17 06:00:00,-7.2,112.4,26.48535,30.155462,31.725492
2026-08-17 06:00:00,-7.2,112.4,19.970116,23.33627,24.915579
2026-08-17 12:00:00,-7.2,112.4,26.162151,30.240112,32.725765
2026-08-17 12:00:00,-7.2,112.4,21.15819,24.797739,27.07363
2026-08-17 18:00:00,-7.2,112.4,28.14701,32.316853,34.776928
2026-08-17 18:00:00,-7.2,112.4,48.234577,53.476425,56.342785
2026-08-18 00:00:00,-7.2,112.4,68.24229,74.28855,77.41488
2026-08-18 00:00:00,-7.2,112.4,50.85388,57.34681,61.246853
2026-08-18 06:00:00,-7.2,112.4,29.15912,33.597084,35.538685
2026-08-18 06:00:00,-7.2,112.4,24.670797,28.433678,30.063362
2026-08-18 12:00:00,-7.2,112.4,20.691374,25.633408,28.674837
2026-08-18 12:00:00,-7.2,112.4,16.507994,20.920141,23.57044
2026-08-18 18:00:00,-7.2,112.4,20.355564,25.00031,27.798307
2026-08-18 18:00:00,-7.2,112.4,14.718292,18.762877,21.272343
2026-08-19 00:00:00,-7.2,112.4,30.086393,35.248306,38.314632
2026-08-19 00:00:00,-7.2,112.4,30.437136,35.585365,38.619495
2026-08-19 06:00:00,-7.2,112.4,11.721412,17.63496,21.796623
2026-08-19 06:00:00,-7.2,112.4,13.16242,18.655716,22.370369
2026-08-19 12:00:00,-7.2,112.4,24.783382,31.500374,35.5718
2026-08-19 12:00:00,-7.2,112.4,18.98301,25.23111,29.032772
2026-08-19 18:00:00,-7.2,112.4,29.205019,35.265186,38.7295
2026-08-19 18:00:00,-7.2,112.4,22.118233,27.465359,30.605087
2026-08-20 00:00:00,-7.2,112.4,52.760773,60.543358,64.97362
2026-08-20 00:00:00,-7.2,112.4,41.663055,49.930405,54.841434
2026-08-20 06:00:00,-7.2,112.4,15.226551,24.846525,32.191814
2026-08-20 06:00:00,-7.2,112.4,14.442971,23.296349,29.931454
2026-08-20 12:00:00,-7.2,112.4,18.724596,24.325743,27.810078
2026-08-20 12:00:00,-7.2,112.4,21.0751,27.56233,31.551516
2026-08-20 18:00:00,-7.2,112.4,28.565565,33.84836,36.88954
2026-08-20 18:00:00,-7.2,112.4,43.59453,50.231926,53.929398
2026-08-21 00:00:00,-7.2,112.4,58.81947,65.78216,69.63552
2026-08-21 00:00:00,-7.2,112.4,26.912481,34.755993,39.901604
2026-08-21 06:00:00,-7.2,112.4,15.474818,22.421282,27.525814
2026-08-21 06:00:00,-7.2,112.4,18.14499,27.73941,34.882385
2026-08-21 12:00:00,-7.2,112.4,17.332031,23.274353,27.035831
2026-08-21 12:00:00,-7.2,112.4,19.425726,26.05017,30.28702
2026-08-21 18:00:00,-7.2,112.4,33.236904,38.76453,41.89685
2026-08-21 18:00:00,-7.2,112.4,17.362862,21.02314,23.178991
2026-08-22 00:00:00,-7.2,112.4,51.836617,57.18667,59.948265
2026-08-22 00:00:00,-7.2,112.4,26.789238,33.646873,37.97417
2026-08-22 06:00:00,-7.2,112.4,25.551682,30.569633,33.03914
2026-08-22 06:00:00,-7.2,112.4,20.664263,25.928692,28.733582
2026-08-22 12:00:00,-7.2,112.4,15.485565,17.966965,19.385216
2026-08-22 12:00:00,-7.2,112.4,21.64778,26.075874,28.77411
2026-08-22 18:00:00,-7.2,112.4,44.229504,50.268333,53.598263
2026-08-22 18:00:00,-7.2,112.4,27.620405,32.41242,35.17308
2026-08-23 00:00:00,-7.2,112.4,60.684612,69.72806,75.037636
2026-08-23 00:00:00,-7.2,112.4,49.675167,56.638344,60.743275
2026-08-23 06:00:00,-7.2,112.4,29.86355,35.50875,38.34841
2026-08-23 06:00:00,-7.2,112.4,33.58504,39.55604,42.407177
2026-08-23 12:00:00,-7.2,112.4,30.22057,35.23239,38.368126
2026-08-23 12:00:00,-7.2,112.4,22.04019,25.929829,28.342995
2026-08-23 18:00:00,-7.2,112.4,89.29487,97.00631,100.8537
2026-08-23 18:00:00,-7.2,112.4,54.39945,59.796036,62.58483
2026-08-24 00:00:00,-7.2,112.4,90.08312,96.922005,100.05829
2026-08-24 00:00:00,-7.2,112.4,72.46297,78.62536,81.69587
2026-08-24 06:00:00,-7.2,112.4,29.521338,33.919453,35.79037
2026-08-24 06:00:00,-7.2,112.4,27.310797,31.498182,33.31686
2026-08-24 12:00:00,-7.2,112.4,28.155392,32.58394,35.28459
2026-08-24 12:00:00,-7.2,112.4,44.50739,49.250347,51.88582
2026-08-24 18:00:00,-7.2,112.4,64.50466,70.26768,73.13815
2026-08-24 18:00:00,-7.2,112.4,102.87221,109.89129,112.87938
2026-08-25 00:00:00,-7.2,112.4,102.90711,110.32978,113.646935
2026-08-25 00:00:00,-7.2,112.4,77.13896,82.005844,84.022194
2026-08-25 06:00:00,-7.2,112.4,34.005886,37.936764,39.47006
2026-08-25 06:00:00,-7.2,112.4,29.842897,32.78434,33.696213
2026-08-25 12:00:00,-7.2,112.4,23.367527,27.210213,29.676826
2026-08-25 12:00:00,-7.2,112.4,16.213005,19.33708,21.34663
2026-08-25 18:00:00,-7.2,112.4,31.086998,34.35705,36.12209
2026-08-25 18:00:00,-7.2,112.4,48.841614,53.604504,56.230904
2026-08-26 00:00:00,-7.2,112.4,58.649693,64.082596,67.01509
2026-08-26 00:00:00,-7.2,112.4,46.809746,54.11162,58.653328
2026-08-26 06:00:00,-7.2,112.4,21.899242,25.886934,27.89405
2026-08-26 06:00:00,-7.2,112.4,21.655012,30.67639,37.386272
2026-08-26 12:00:00,-7.2,112.4,19.502575,23.366592,25.876194
2026-08-26 12:00:00,-7.2,112.4,16.416262,19.951727,22.211864
2026-08-26 18:00:00,-7.2,112.4,32.242046,35.451855,37.080143
2026-08-26 18:00:00,-7.2,112.4,38.144787,42.30892,44.588196
2026-08-27 00:00:00,-7.2,112.4,61.51049,67.05864,70.00489
2026-08-27 00:00:00,-7.2,112.4,60.3215,66.13084,69.29838
2026-08-27 06:00:00,-7.2,112.4,37.35151,41.646305,43.228985
2026-08-27 06:00:00,-7.2,112.4,36.188377,40.551365,42.22824
2026-08-27 12:00:00,-7.2,112.4,39.21453,43.571415,45.663754
2026-08-27 12:00:00,-7.2,112.4,29.127495,32.070343,33.379906
2026-08-27 18:00:00,-7.2,112.4,128.3089,136.20387,139.18884
2026-08-27 18:00:00,-7.2,112.4,93.965355,100.19721,102.78245
2026-08-28 00:00:00,-7.2,112.4,111.09398,118.15081,121.12929
2026-08-28 00:00:00,-7.2,112.4,121.39452,129.16809,132.37547
2026-08-28 06:00:00,-7.2,112.4,38.13255,42.73323,44.96759
2026-08-28 06:00:00,-7.2,112.4,34.46789,38.044464,39.519722
2026-08-28 12:00:00,-7.2,112.4,12.694823,15.8565035,17.976948
2026-08-28 12:00:00,-7.2,112.4,15.945193,20.368351,23.47349
2026-08-28 18:00:00,-7.2,112.4,78.447784,85.53872,89.3686
2026-08-28 18:00:00,-7.2,112.4,32.46895,36.573,38.82945
2026-08-29 00:00:00,-7.2,112.4,52.12645,59.0178,63.09239
2026-08-29 00:00:00,-7.2,112.4,72.16863,77.29682,79.546
2026-08-29 06:00:00,-7.2,112.4,24.891424,28.78187,30.498953
2026-08-29 06:00:00,-7.2,112.4,24.19959,28.541866,30.600891
2026-08-29 12:00:00,-7.2,112.4,17.731619,22.072256,24.886944
2026-08-29 18:00:00,-7.2,112.4,24.888092,28.73268,30.978075
